ticker,outcome,venue,primary_exchange,con_id,candidates,detail,attempts,elapsed_s,unexpected_venue
ABHY,not_found,,,,,no response after 2 attempt(s) — likely IBKR error 200,2,20.008,no
ABNY,not_found,,,,,no response after 2 attempt(s) — likely IBKR error 200,2,20.006,no
ACWF,not_found,,,,,no response after 2 attempt(s) — likely IBKR error 200,2,20.006,no
ADFI,not_found,,,,,no response after 2 attempt(s) — likely IBKR error 200,2,20.006,no
ADRE,not_found,,,,,no response after 2 attempt(s) — likely IBKR error 200,2,20.006,no
AEMB,not_found,,,,,no response after 2 attempt(s) — likely IBKR error 200,2,20.005,no
AFTY,not_found,,,,,no response after 2 attempt(s) — likely IBKR error 200,2,20.006,no
AGIH,not_found,,,,,no response after 2 attempt(s) — likely IBKR error 200,2,20.005,no
AGOV,not_found,,,,,no response after 2 attempt(s) — likely IBKR error 200,2,20.011,no
AHHX,not_found,,,,,no response after 2 attempt(s) — likely IBKR error 200,2,20.007,no
AHOY,not_found,,,,,no response after 2 attempt(s) — likely IBKR error 200,2,20.009,no
AIRL,not_found,,,,,no response after 2 attempt(s) — likely IBKR error 200,2,20.007,no
ALUM,not_found,,,,,no response after 2 attempt(s) — likely IBKR error 200,2,20.009,no
AMDS,not_found,,,,,no response after 2 attempt(s) — likely IBKR error 200,2,20.008,no
AMJ,not_found,,,,,no response after 2 attempt(s) — likely IBKR error 200,2,20.006,no
AMNA,not_found,,,,,no response after 2 attempt(s) — likely IBKR error 200,2,20.006,no
AMND,not_found,,,,,no response after 2 attempt(s) — likely IBKR error 200,2,20.006,no
AMPD,not_found,,,,,no response after 2 attempt(s) — likely IBKR error 200,2,20.006,no
AMPS,not_found,,,,,no response after 2 attempt(s) — likely IBKR error 200,2,20.008,no
AMTR,not_found,,,,,no response after 2 attempt(s) — likely IBKR error 200,2,20.011,no
APED,not_found,,,,,no response after 2 attempt(s) — likely IBKR error 200,2,20.005,no
APRD,not_found,,,,,no response after 2 attempt(s) — likely IBKR error 200,2,20.006,no
APRQ,not_found,,,,,no response after 2 attempt(s) — likely IBKR error 200,2,20.005,no
AQGX,not_found,,,,,no response after 2 attempt(s) — likely IBKR error 200,2,20.003,no
AREA,not_found,,,,,no response after 2 attempt(s) — likely IBKR error 200,2,20.001,no
ARKA,not_found,,,,,no response after 2 attempt(s) — likely IBKR error 200,2,20.003,no
ARKC,not_found,,,,,no response after 2 attempt(s) — likely IBKR error 200,2,20.004,no
ARKY,not_found,,,,,no response after 2 attempt(s) — likely IBKR error 200,2,20.003,no
ARKZ,not_found,,,,,no response after 2 attempt(s) — likely IBKR error 200,2,20.005,no
ARMR,not_found,,,,,no response after 2 attempt(s) — likely IBKR error 200,2,20.001,no
ASET,not_found,,,,,no response after 2 attempt(s) — likely IBKR error 200,2,20.003,no
ASHX,not_found,,,,,no response after 2 attempt(s) — likely IBKR error 200,2,20.003,no
ASPY,not_found,,,,,no response after 2 attempt(s) — likely IBKR error 200,2,20.002,no
AWEG,not_found,,,,,no response after 2 attempt(s) — likely IBKR error 200,2,20.006,no
AWYX,not_found,,,,,no response after 2 attempt(s) — likely IBKR error 200,2,20.007,no
BAL,not_found,,,,,no response after 2 attempt(s) — likely IBKR error 200,2,20.001,no
BBIP,not_found,,,,,no response after 2 attempt(s) — likely IBKR error 200,2,20.005,no
BBSA,not_found,,,,,no response after 2 attempt(s) — likely IBKR error 200,2,20.003,no
BCIM,not_found,,,,,no response after 2 attempt(s) — likely IBKR error 200,2,20.007,no
BCM,not_found,,,,,no response after 2 attempt(s) — likely IBKR error 200,2,20.005,no
BECO,not_found,,,,,no response after 2 attempt(s) — likely IBKR error 200,2,20.008,no
BFIT,not_found,,,,,no response after 2 attempt(s) — likely IBKR error 200,2,20.003,no
BFTR,not_found,,,,,no response after 2 attempt(s) — likely IBKR error 200,2,20.002,no
BICK,not_found,,,,,no response after 2 attempt(s) — likely IBKR error 200,2,20.004,no
BIDS,not_found,,,,,no response after 2 attempt(s) — likely IBKR error 200,2,20.001,no
BJK,not_found,,,,,no response after 2 attempt(s) — likely IBKR error 200,2,20.004,no
BKIV,not_found,,,,,no response after 2 attempt(s) — likely IBKR error 200,2,20.006,no
BKSB,not_found,,,,,no response after 2 attempt(s) — likely IBKR error 200,2,20.003,no
BKWO,not_found,,,,,no response after 2 attempt(s) — likely IBKR error 200,2,20.005,no
BLCN,not_found,,,,,no response after 2 attempt(s) — likely IBKR error 200,2,20.008,no
BLHY,not_found,,,,,no response after 2 attempt(s) — likely IBKR error 200,2,20.006,no
BLLD,not_found,,,,,no response after 2 attempt(s) — likely IBKR error 200,2,20.006,no
BLNG,not_found,,,,,no response after 2 attempt(s) — likely IBKR error 200,2,20.004,no
BMAX,not_found,,,,,no response after 2 attempt(s) — likely IBKR error 200,2,20.007,no
BMDL,not_found,,,,,no response after 2 attempt(s) — likely IBKR error 200,2,20.003,no
BNE,not_found,,,,,no response after 2 attempt(s) — likely IBKR error 200,2,20.006,no
BOED,not_found,,,,,no response after 2 attempt(s) — likely IBKR error 200,2,20.008,no
BOSS,not_found,,,,,no response after 2 attempt(s) — likely IBKR error 200,2,20.008,no
BSCE,not_found,,,,,no response after 2 attempt(s) — likely IBKR error 200,2,20.005,no
BSCN,not_found,,,,,no response after 2 attempt(s) — likely IBKR error 200,2,20.007,no
BSCO,not_found,,,,,no response after 2 attempt(s) — likely IBKR error 200,2,20.007,no
BSCP,not_found,,,,,no response after 2 attempt(s) — likely IBKR error 200,2,20.009,no
BSDE,not_found,,,,,no response after 2 attempt(s) — likely IBKR error 200,2,20.008,no
BSEA,not_found,,,,,no response after 2 attempt(s) — likely IBKR error 200,2,20.006,no
BSJN,not_found,,,,,no response after 2 attempt(s) — likely IBKR error 200,2,20.010,no
BSJO,not_found,,,,,no response after 2 attempt(s) — likely IBKR error 200,2,20.007,no
BSJP,not_found,,,,,no response after 2 attempt(s) — likely IBKR error 200,2,20.008,no
BSMN,not_found,,,,,no response after 2 attempt(s) — likely IBKR error 200,2,20.008,no
BSMO,not_found,,,,,no response after 2 attempt(s) — likely IBKR error 200,2,20.006,no
BSMP,not_found,,,,,no response after 2 attempt(s) — likely IBKR error 200,2,20.005,no
BTEC,not_found,,,,,no response after 2 attempt(s) — likely IBKR error 200,2,20.010,no
BTEK,not_found,,,,,no response after 2 attempt(s) — likely IBKR error 200,2,20.007,no
BTFX,not_found,,,,,no response after 2 attempt(s) — likely IBKR error 200,2,20.013,no
BTHM,not_found,,,,,no response after 2 attempt(s) — likely IBKR error 200,2,20.008,no
BTOP,not_found,,,,,no response after 2 attempt(s) — likely IBKR error 200,2,20.005,no
BU,not_found,,,,,no response after 2 attempt(s) — likely IBKR error 200,2,20.011,no
BULX,not_found,,,,,no response after 2 attempt(s) — likely IBKR error 200,2,20.005,no
BWEB,not_found,,,,,no response after 2 attempt(s) — likely IBKR error 200,2,20.008,no
BYTE,not_found,,,,,no response after 2 attempt(s) — likely IBKR error 200,2,20.004,no
CA,not_found,,,,,no response after 2 attempt(s) — likely IBKR error 200,2,20.007,no
CACG,not_found,,,,,no response after 2 attempt(s) — likely IBKR error 200,2,20.007,no
CCMG,not_found,,,,,no response after 2 attempt(s) — likely IBKR error 200,2,20.008,no
CCRV,not_found,,,,,no response after 2 attempt(s) — likely IBKR error 200,2,20.010,no
CETH,not_found,,,,,no response after 2 attempt(s) — likely IBKR error 200,2,20.007,no
CFCV,not_found,,,,,no response after 2 attempt(s) — likely IBKR error 200,2,20.010,no
CHAD,not_found,,,,,no response after 2 attempt(s) — likely IBKR error 200,2,20.007,no
CHB,not_found,,,,,no response after 2 attempt(s) — likely IBKR error 200,2,20.007,no
CHIC,not_found,,,,,no response after 2 attempt(s) — likely IBKR error 200,2,20.006,no
CHIE,not_found,,,,,no response after 2 attempt(s) — likely IBKR error 200,2,20.009,no
CHIH,not_found,,,,,no response after 2 attempt(s) — likely IBKR error 200,2,20.010,no
CHII,not_found,,,,,no response after 2 attempt(s) — likely IBKR error 200,2,20.011,no
CHIK,not_found,,,,,no response after 2 attempt(s) — likely IBKR error 200,2,20.010,no
CHIM,not_found,,,,,no response after 2 attempt(s) — likely IBKR error 200,2,20.011,no
CHIR,not_found,,,,,no response after 2 attempt(s) — likely IBKR error 200,2,20.005,no
CHIS,not_found,,,,,no response after 2 attempt(s) — likely IBKR error 200,2,20.005,no
CHIU,not_found,,,,,no response after 2 attempt(s) — likely IBKR error 200,2,20.012,no
CHIX,not_found,,,,,no response after 2 attempt(s) — likely IBKR error 200,2,20.009,no
CHNA,not_found,,,,,no response after 2 attempt(s) — likely IBKR error 200,2,20.004,no
CID,not_found,,,,,no response after 2 attempt(s) — likely IBKR error 200,2,20.006,no
CIL,not_found,,,,,no response after 2 attempt(s) — likely IBKR error 200,2,20.004,no
CIZ,not_found,,,,,no response after 2 attempt(s) — likely IBKR error 200,2,20.008,no
CLDL,not_found,,,,,no response after 2 attempt(s) — likely IBKR error 200,2,20.007,no
CLNR,not_found,,,,,no response after 2 attempt(s) — likely IBKR error 200,2,20.001,no
CLRG,not_found,,,,,no response after 2 attempt(s) — likely IBKR error 200,2,20.005,no
CLSA,not_found,,,,,no response after 2 attempt(s) — likely IBKR error 200,2,20.004,no
CLSC,not_found,,,,,no response after 2 attempt(s) — likely IBKR error 200,2,20.004,no
CLTL,not_found,,,,,no response after 2 attempt(s) — likely IBKR error 200,2,20.009,no
CN,not_found,,,,,no response after 2 attempt(s) — likely IBKR error 200,2,20.004,no
CNCR,not_found,,,,,no response after 2 attempt(s) — likely IBKR error 200,2,20.007,no
COII,not_found,,,,,no response after 2 attempt(s) — likely IBKR error 200,2,20.002,no
COW,not_found,,,,,no response after 2 attempt(s) — likely IBKR error 200,2,20.004,no
CPI,not_found,,,,,no response after 2 attempt(s) — likely IBKR error 200,2,20.005,no
CRIT,not_found,,,,,no response after 2 attempt(s) — likely IBKR error 200,2,20.005,no
CRUZ,not_found,,,,,no response after 2 attempt(s) — likely IBKR error 200,2,20.006,no
CSA,not_found,,,,,no response after 2 attempt(s) — likely IBKR error 200,2,20.001,no
CSF,not_found,,,,,no response after 2 attempt(s) — likely IBKR error 200,2,20.001,no
CSML,not_found,,,,,no response after 2 attempt(s) — likely IBKR error 200,2,20.005,no
CUBS,not_found,,,,,no response after 2 attempt(s) — likely IBKR error 200,2,20.003,no
CUSD,not_found,,,,,no response after 2 attempt(s) — likely IBKR error 200,2,20.001,no
CVSE,not_found,,,,,no response after 2 attempt(s) — likely IBKR error 200,2,20.004,no
CYA,not_found,,,,,no response after 2 attempt(s) — likely IBKR error 200,2,20.002,no
CYB,not_found,,,,,no response after 2 attempt(s) — likely IBKR error 200,2,20.005,no
DALT,not_found,,,,,no response after 2 attempt(s) — likely IBKR error 200,2,20.003,no
DBEH,not_found,,,,,no response after 2 attempt(s) — likely IBKR error 200,2,20.004,no
DBGR,not_found,,,,,no response after 2 attempt(s) — likely IBKR error 200,2,20.007,no
DBJA,not_found,,,,,no response after 2 attempt(s) — likely IBKR error 200,2,20.005,no
DBOC,not_found,,,,,no response after 2 attempt(s) — likely IBKR error 200,2,20.001,no
DBS,not_found,,,,,no response after 2 attempt(s) — likely IBKR error 200,2,20.002,no
DBV,not_found,,,,,no response after 2 attempt(s) — likely IBKR error 200,2,20.009,no
DEF,not_found,,,,,no response after 2 attempt(s) — likely IBKR error 200,2,20.005,no
DFHY,not_found,,,,,no response after 2 attempt(s) — likely IBKR error 200,2,20.004,no
DFND,not_found,,,,,no response after 2 attempt(s) — likely IBKR error 200,2,20.002,no
DFNV,not_found,,,,,no response after 2 attempt(s) — likely IBKR error 200,2,20.003,no
DFRA,not_found,,,,,no response after 2 attempt(s) — likely IBKR error 200,2,20.012,no
DGL,not_found,,,,,no response after 2 attempt(s) — likely IBKR error 200,2,20.006,no
DISO,not_found,,,,,no response after 2 attempt(s) — likely IBKR error 200,2,20.009,no
DJCB,not_found,,,,,no response after 2 attempt(s) — likely IBKR error 200,2,20.005,no
DMAT,not_found,,,,,no response after 2 attempt(s) — likely IBKR error 200,2,20.007,no
DMCY,not_found,,,,,no response after 2 attempt(s) — likely IBKR error 200,2,20.005,no
DMDV,not_found,,,,,no response after 2 attempt(s) — likely IBKR error 200,2,20.007,no
DOZR,not_found,,,,,no response after 2 attempt(s) — likely IBKR error 200,2,20.006,no
DSCF,not_found,,,,,no response after 2 attempt(s) — likely IBKR error 200,2,20.005,no
DSJA,not_found,,,,,no response after 2 attempt(s) — likely IBKR error 200,2,20.008,no
DSOC,not_found,,,,,no response after 2 attempt(s) — likely IBKR error 200,2,20.004,no
DUDE,not_found,,,,,no response after 2 attempt(s) — likely IBKR error 200,2,20.008,no
DWAC,not_found,,,,,no response after 2 attempt(s) — likely IBKR error 200,2,20.008,no
DWAT,not_found,,,,,no response after 2 attempt(s) — likely IBKR error 200,2,20.007,no
DWCR,not_found,,,,,no response after 2 attempt(s) — likely IBKR error 200,2,20.004,no
DWEQ,not_found,,,,,no response after 2 attempt(s) — likely IBKR error 200,2,20.004,no
DWMC,not_found,,,,,no response after 2 attempt(s) — likely IBKR error 200,2,20.008,no
DXGE,not_found,,,,,no response after 2 attempt(s) — likely IBKR error 200,2,20.007,no
DXJS,not_found,,,,,no response after 2 attempt(s) — likely IBKR error 200,2,20.007,no
DYNI,not_found,,,,,no response after 2 attempt(s) — likely IBKR error 200,2,20.008,no
EATV,not_found,,,,,no response after 2 attempt(s) — likely IBKR error 200,2,20.006,no
EATZ,not_found,,,,,no response after 2 attempt(s) — likely IBKR error 200,2,20.006,no
EBLU,not_found,,,,,no response after 2 attempt(s) — likely IBKR error 200,2,20.009,no
ECLN,not_found,,,,,no response after 2 attempt(s) — likely IBKR error 200,2,20.005,no
ECOZ,not_found,,,,,no response after 2 attempt(s) — likely IBKR error 200,2,20.008,no
EDOC,not_found,,,,,no response after 2 attempt(s) — likely IBKR error 200,2,20.006,no
EDUT,not_found,,,,,no response after 2 attempt(s) — likely IBKR error 200,2,20.003,no
EEMD,not_found,,,,,no response after 2 attempt(s) — likely IBKR error 200,2,20.006,no
EFIX,not_found,,,,,no response after 2 attempt(s) — likely IBKR error 200,2,20.009,no
EFUT,not_found,,,,,no response after 2 attempt(s) — likely IBKR error 200,2,20.011,no
EGIS,not_found,,,,,no response after 2 attempt(s) — likely IBKR error 200,2,20.005,no
EGPT,not_found,,,,,no response after 2 attempt(s) — likely IBKR error 200,2,20.006,no
ELIS,not_found,,,,,no response after 2 attempt(s) — likely IBKR error 200,2,20.004,no
EMCC,not_found,,,,,no response after 2 attempt(s) — likely IBKR error 200,2,20.006,no
EMFM,not_found,,,,,no response after 2 attempt(s) — likely IBKR error 200,2,20.006,no
EMFQ,not_found,,,,,no response after 2 attempt(s) — likely IBKR error 200,2,20.006,no
EMSG,not_found,,,,,no response after 2 attempt(s) — likely IBKR error 200,2,20.008,no
EMTL,not_found,,,,,no response after 2 attempt(s) — likely IBKR error 200,2,20.007,no
ENTR,not_found,,,,,no response after 2 attempt(s) — likely IBKR error 200,2,20.006,no
EQLS,not_found,,,,,no response after 2 attempt(s) — likely IBKR error 200,2,20.003,no
EQOP,not_found,,,,,no response after 2 attempt(s) — likely IBKR error 200,2,20.010,no
EQUL,not_found,,,,,no response after 2 attempt(s) — likely IBKR error 200,2,20.006,no
ERM,not_found,,,,,no response after 2 attempt(s) — likely IBKR error 200,2,20.008,no
ERNZ,not_found,,,,,no response after 2 attempt(s) — likely IBKR error 200,2,20.005,no
ERSX,not_found,,,,,no response after 2 attempt(s) — likely IBKR error 200,2,20.006,no
ESCR,not_found,,,,,no response after 2 attempt(s) — likely IBKR error 200,2,20.005,no
ESEB,not_found,,,,,no response after 2 attempt(s) — likely IBKR error 200,2,20.005,no
ESGA,not_found,,,,,no response after 2 attempt(s) — likely IBKR error 200,2,20.009,no
ESGB,not_found,,,,,no response after 2 attempt(s) — likely IBKR error 200,2,20.008,no
ESGL,not_found,,,,,no response after 2 attempt(s) — likely IBKR error 200,2,20.006,no
ESGN,not_found,,,,,no response after 2 attempt(s) — likely IBKR error 200,2,20.008,no
ESGS,not_found,,,,,no response after 2 attempt(s) — likely IBKR error 200,2,20.004,no
ESGY,not_found,,,,,no response after 2 attempt(s) — likely IBKR error 200,2,20.003,no
ESHY,not_found,,,,,no response after 2 attempt(s) — likely IBKR error 200,2,20.006,no
ESIX,not_found,,,,,no response after 2 attempt(s) — likely IBKR error 200,2,20.006,no
ESUS,not_found,,,,,no response after 2 attempt(s) — likely IBKR error 200,2,20.007,no
ETRL,not_found,,,,,no response after 2 attempt(s) — likely IBKR error 200,2,20.007,no
EUSC,not_found,,,,,no response after 2 attempt(s) — likely IBKR error 200,2,20.002,no
EV,not_found,,,,,no response after 2 attempt(s) — likely IBKR error 200,2,20.004,no
EVAV,not_found,,,,,no response after 2 attempt(s) — likely IBKR error 200,2,20.005,no
EWCO,not_found,,,,,no response after 2 attempt(s) — likely IBKR error 200,2,20.005,no
EWEB,not_found,,,,,no response after 2 attempt(s) — likely IBKR error 200,2,20.002,no
EWGS,not_found,,,,,no response after 2 attempt(s) — likely IBKR error 200,2,20.001,no
EWMC,not_found,,,,,no response after 2 attempt(s) — likely IBKR error 200,2,20.002,no
EWRE,not_found,,,,,no response after 2 attempt(s) — likely IBKR error 200,2,20.004,no
EWSC,not_found,,,,,no response after 2 attempt(s) — likely IBKR error 200,2,20.002,no
FAIL,not_found,,,,,no response after 2 attempt(s) — likely IBKR error 200,2,20.003,no
FBGX,not_found,,,,,no response after 2 attempt(s) — likely IBKR error 200,2,20.003,no
FBZ,not_found,,,,,no response after 2 attempt(s) — likely IBKR error 200,2,20.006,no
FDCE,not_found,,,,,no response after 2 attempt(s) — likely IBKR error 200,2,20.002,no
FDGR,not_found,,,,,no response after 2 attempt(s) — likely IBKR error 200,2,20.003,no
FDHT,not_found,,,,,no response after 2 attempt(s) — likely IBKR error 200,2,20.003,no
FDTB,not_found,,,,,no response after 2 attempt(s) — likely IBKR error 200,2,20.006,no
FDVL,not_found,,,,,no response after 2 attempt(s) — likely IBKR error 200,2,20.003,no
FDWM,not_found,,,,,no response after 2 attempt(s) — likely IBKR error 200,2,20.007,no
FEAT,not_found,,,,,no response after 2 attempt(s) — likely IBKR error 200,2,20.001,no
FEDL,not_found,,,,,no response after 2 attempt(s) — likely IBKR error 200,2,20.006,no
FEHY,not_found,,,,,no response after 2 attempt(s) — likely IBKR error 200,2,20.007,no
FFHG,not_found,,,,,no response after 2 attempt(s) — likely IBKR error 200,2,20.007,no
FFSG,not_found,,,,,no response after 2 attempt(s) — likely IBKR error 200,2,20.006,no
FFTG,not_found,,,,,no response after 2 attempt(s) — likely IBKR error 200,2,20.006,no
FFTI,not_found,,,,,no response after 2 attempt(s) — likely IBKR error 200,2,20.006,no
FGRO,not_found,,,,,no response after 2 attempt(s) — likely IBKR error 200,2,20.010,no
FIBR,not_found,,,,,no response after 2 attempt(s) — likely IBKR error 200,2,20.007,no
FIHD,not_found,,,,,no response after 2 attempt(s) — likely IBKR error 200,2,20.004,no
FILL,not_found,,,,,no response after 2 attempt(s) — likely IBKR error 200,2,20.005,no
FINE,not_found,,,,,no response after 2 attempt(s) — likely IBKR error 200,2,20.005,no
FIVG,not_found,,,,,no response after 2 attempt(s) — likely IBKR error 200,2,20.008,no
FIVY,not_found,,,,,no response after 2 attempt(s) — likely IBKR error 200,2,20.005,no
FLEH,not_found,,,,,no response after 2 attempt(s) — likely IBKR error 200,2,20.012,no
FLFR,not_found,,,,,no response after 2 attempt(s) — likely IBKR error 200,2,20.006,no
FLHK,not_found,,,,,no response after 2 attempt(s) — likely IBKR error 200,2,20.003,no
FLIY,not_found,,,,,no response after 2 attempt(s) — likely IBKR error 200,2,20.005,no
FLLV,not_found,,,,,no response after 2 attempt(s) — likely IBKR error 200,2,20.003,no
FLZA,not_found,,,,,no response after 2 attempt(s) — likely IBKR error 200,2,20.002,no
FM,not_found,,,,,no response after 2 attempt(s) — likely IBKR error 200,2,20.004,no
FMIL,not_found,,,,,no response after 2 attempt(s) — likely IBKR error 200,2,20.007,no
FOVL,not_found,,,,,no response after 2 attempt(s) — likely IBKR error 200,2,20.004,no
FSBD,not_found,,,,,no response after 2 attempt(s) — likely IBKR error 200,2,20.010,no
FSLD,not_found,,,,,no response after 2 attempt(s) — likely IBKR error 200,2,20.005,no
FSMO,not_found,,,,,no response after 2 attempt(s) — likely IBKR error 200,2,20.004,no
FSST,not_found,,,,,no response after 2 attempt(s) — likely IBKR error 200,2,20.001,no
FUE,not_found,,,,,no response after 2 attempt(s) — likely IBKR error 200,2,20.005,no
FUNL,not_found,,,,,no response after 2 attempt(s) — likely IBKR error 200,2,20.001,no
FYLG,not_found,,,,,no response after 2 attempt(s) — likely IBKR error 200,2,20.018,no
GAST,not_found,,,,,no response after 2 attempt(s) — likely IBKR error 200,2,20.006,no
GAZ,not_found,,,,,no response after 2 attempt(s) — likely IBKR error 200,2,20.004,no
GBLD,not_found,,,,,no response after 2 attempt(s) — likely IBKR error 200,2,20.006,no
GBUY,not_found,,,,,no response after 2 attempt(s) — likely IBKR error 200,2,20.005,no
GCLN,not_found,,,,,no response after 2 attempt(s) — likely IBKR error 200,2,20.002,no
GDFN,not_found,,,,,no response after 2 attempt(s) — likely IBKR error 200,2,20.006,no
GDVD,not_found,,,,,no response after 2 attempt(s) — likely IBKR error 200,2,20.004,no
GENY,not_found,,,,,no response after 2 attempt(s) — likely IBKR error 200,2,20.004,no
GERM,not_found,,,,,no response after 2 attempt(s) — likely IBKR error 200,2,20.004,no
GFOF,not_found,,,,,no response after 2 attempt(s) — likely IBKR error 200,2,20.006,no
GHEE,not_found,,,,,no response after 2 attempt(s) — likely IBKR error 200,2,20.016,no
GHMS,not_found,,,,,no response after 2 attempt(s) — likely IBKR error 200,2,20.010,no
GLCN,not_found,,,,,no response after 2 attempt(s) — likely IBKR error 200,2,20.007,no
GLDX,not_found,,,,,no response after 2 attempt(s) — likely IBKR error 200,2,20.010,no
GLDY,not_found,,,,,no response after 2 attempt(s) — likely IBKR error 200,2,20.012,no
GLIF,not_found,,,,,no response after 2 attempt(s) — likely IBKR error 200,2,20.009,no
GLOV,not_found,,,,,no response after 2 attempt(s) — likely IBKR error 200,2,20.007,no
GMUN,not_found,,,,,no response after 2 attempt(s) — likely IBKR error 200,2,20.008,no
GPOW,not_found,,,,,no response after 2 attempt(s) — likely IBKR error 200,2,20.008,no
GREI,not_found,,,,,no response after 2 attempt(s) — likely IBKR error 200,2,20.007,no
GRES,not_found,,,,,no response after 2 attempt(s) — likely IBKR error 200,2,20.005,no
GRU,not_found,,,,,no response after 2 attempt(s) — likely IBKR error 200,2,20.004,no
GSFP,not_found,,,,,no response after 2 attempt(s) — likely IBKR error 200,2,20.005,no
GSIG,not_found,,,,,no response after 2 attempt(s) — likely IBKR error 200,2,20.008,no
GSP,not_found,,,,,no response after 2 attempt(s) — likely IBKR error 200,2,20.004,no
GXG,not_found,,,,,no response after 2 attempt(s) — likely IBKR error 200,2,20.007,no
GXTG,not_found,,,,,no response after 2 attempt(s) — likely IBKR error 200,2,20.010,no
HAPY,not_found,,,,,no response after 2 attempt(s) — likely IBKR error 200,2,20.011,no
HART,not_found,,,,,no response after 2 attempt(s) — likely IBKR error 200,2,20.011,no
HCOM,not_found,,,,,no response after 2 attempt(s) — likely IBKR error 200,2,20.007,no
HDAW,not_found,,,,,no response after 2 attempt(s) — likely IBKR error 200,2,20.006,no
HDRO,not_found,,,,,no response after 2 attempt(s) — likely IBKR error 200,2,20.006,no
HEAT,not_found,,,,,no response after 2 attempt(s) — likely IBKR error 200,2,20.006,no
HEJD,not_found,,,,,no response after 2 attempt(s) — likely IBKR error 200,2,20.008,no
HEWC,not_found,,,,,no response after 2 attempt(s) — likely IBKR error 200,2,20.006,no
HEWG,not_found,,,,,no response after 2 attempt(s) — likely IBKR error 200,2,20.011,no
HEWU,not_found,,,,,no response after 2 attempt(s) — likely IBKR error 200,2,20.005,no
HIYS,not_found,,,,,no response after 2 attempt(s) — likely IBKR error 200,2,20.009,no
HJEN,not_found,,,,,no response after 2 attempt(s) — likely IBKR error 200,2,20.006,no
HKND,not_found,,,,,no response after 2 attempt(s) — likely IBKR error 200,2,20.008,no
HLGE,not_found,,,,,no response after 2 attempt(s) — likely IBKR error 200,2,20.006,no
HOCT,not_found,,,,,no response after 2 attempt(s) — likely IBKR error 200,2,20.005,no
HOM,not_found,,,,,no response after 2 attempt(s) — likely IBKR error 200,2,20.007,no
HSRT,not_found,,,,,no response after 2 attempt(s) — likely IBKR error 200,2,20.009,no
HSUN,not_found,,,,,no response after 2 attempt(s) — likely IBKR error 200,2,20.003,no
HVAL,not_found,,,,,no response after 2 attempt(s) — likely IBKR error 200,2,20.004,no
HYGI,not_found,,,,,no response after 2 attempt(s) — likely IBKR error 200,2,20.005,no
HYLD,not_found,,,,,no response after 2 attempt(s) — likely IBKR error 200,2,20.006,no
HYLG,not_found,,,,,no response after 2 attempt(s) — likely IBKR error 200,2,20.008,no
HYMU,not_found,,,,,no response after 2 attempt(s) — likely IBKR error 200,2,20.008,no
HYRM,not_found,,,,,no response after 2 attempt(s) — likely IBKR error 200,2,20.003,no
HYXU,not_found,,,,,no response after 2 attempt(s) — likely IBKR error 200,2,20.006,no
IAUF,not_found,,,,,no response after 2 attempt(s) — likely IBKR error 200,2,20.007,no
IBCE,not_found,,,,,no response after 2 attempt(s) — likely IBKR error 200,2,20.009,no
IBDD,not_found,,,,,no response after 2 attempt(s) — likely IBKR error 200,2,20.007,no
IBDO,not_found,,,,,no response after 2 attempt(s) — likely IBKR error 200,2,20.007,no
IBDP,not_found,,,,,no response after 2 attempt(s) — likely IBKR error 200,2,20.008,no
IBDQ,not_found,,,,,no response after 2 attempt(s) — likely IBKR error 200,2,20.010,no
IBET,not_found,,,,,no response after 2 attempt(s) — likely IBKR error 200,2,20.005,no
IBHC,not_found,,,,,no response after 2 attempt(s) — likely IBKR error 200,2,20.006,no
IBHD,not_found,,,,,no response after 2 attempt(s) — likely IBKR error 200,2,20.007,no
IBHE,not_found,,,,,no response after 2 attempt(s) — likely IBKR error 200,2,20.007,no
IBIA,not_found,,,,,no response after 2 attempt(s) — likely IBKR error 200,2,20.004,no
IBIB,not_found,,,,,no response after 2 attempt(s) — likely IBKR error 200,2,20.008,no
IBML,not_found,,,,,no response after 2 attempt(s) — likely IBKR error 200,2,20.010,no
IBMM,not_found,,,,,no response after 2 attempt(s) — likely IBKR error 200,2,20.005,no
IBMN,not_found,,,,,no response after 2 attempt(s) — likely IBKR error 200,2,20.003,no
IBTD,not_found,,,,,no response after 2 attempt(s) — likely IBKR error 200,2,20.001,no
IBTE,not_found,,,,,no response after 2 attempt(s) — likely IBKR error 200,2,20.007,no
IDAT,not_found,,,,,no response after 2 attempt(s) — likely IBKR error 200,2,20.002,no
IDHD,not_found,,,,,no response after 2 attempt(s) — likely IBKR error 200,2,20.002,no
IDLB,not_found,,,,,no response after 2 attempt(s) — likely IBKR error 200,2,20.006,no
IDME,not_found,,,,,no response after 2 attempt(s) — likely IBKR error 200,2,20.003,no
IGN,not_found,,,,,no response after 2 attempt(s) — likely IBKR error 200,2,20.002,no
IGTR,not_found,,,,,no response after 2 attempt(s) — likely IBKR error 200,2,20.002,no
IIGV,not_found,,,,,no response after 2 attempt(s) — likely IBKR error 200,2,20.002,no
INC,not_found,,,,,no response after 2 attempt(s) — likely IBKR error 200,2,20.006,no
INDF,not_found,,,,,no response after 2 attempt(s) — likely IBKR error 200,2,20.004,no
INFR,not_found,,,,,no response after 2 attempt(s) — likely IBKR error 200,2,20.002,no
INNO,not_found,,,,,no response after 2 attempt(s) — likely IBKR error 200,2,20.003,no
IPDP,not_found,,,,,no response after 2 attempt(s) — likely IBKR error 200,2,20.004,no
IPPP,not_found,,,,,no response after 2 attempt(s) — likely IBKR error 200,2,20.011,no
IQDE,not_found,,,,,no response after 2 attempt(s) — likely IBKR error 200,2,20.004,no
IQIN,not_found,,,,,no response after 2 attempt(s) — likely IBKR error 200,2,20.004,no
IRBO,not_found,,,,,no response after 2 attempt(s) — likely IBKR error 200,2,20.005,no
IRET,not_found,,,,,no response after 2 attempt(s) — likely IBKR error 200,2,20.004,no
ISDB,not_found,,,,,no response after 2 attempt(s) — likely IBKR error 200,2,20.002,no
ISDX,not_found,,,,,no response after 2 attempt(s) — likely IBKR error 200,2,20.006,no
ISEM,not_found,,,,,no response after 2 attempt(s) — likely IBKR error 200,2,20.006,no
ISZE,not_found,,,,,no response after 2 attempt(s) — likely IBKR error 200,2,20.004,no
ITDA,not_found,,,,,no response after 2 attempt(s) — likely IBKR error 200,2,20.006,no
IUSS,not_found,,,,,no response after 2 attempt(s) — likely IBKR error 200,2,20.004,no
IVDG,not_found,,,,,no response after 2 attempt(s) — likely IBKR error 200,2,20.004,no
IVEG,not_found,,,,,no response after 2 attempt(s) — likely IBKR error 200,2,20.004,no
IVLC,not_found,,,,,no response after 2 attempt(s) — likely IBKR error 200,2,20.005,no
IVRA,not_found,,,,,no response after 2 attempt(s) — likely IBKR error 200,2,20.004,no
IVSG,not_found,,,,,no response after 2 attempt(s) — likely IBKR error 200,2,20.007,no
IWFH,not_found,,,,,no response after 2 attempt(s) — likely IBKR error 200,2,20.005,no
IWIN,not_found,,,,,no response after 2 attempt(s) — likely IBKR error 200,2,20.004,no
IWTR,not_found,,,,,no response after 2 attempt(s) — likely IBKR error 200,2,20.004,no
IXSE,not_found,,,,,no response after 2 attempt(s) — likely IBKR error 200,2,20.002,no
JCTR,not_found,,,,,no response after 2 attempt(s) — likely IBKR error 200,2,20.005,no
JFWD,not_found,,,,,no response after 2 attempt(s) — likely IBKR error 200,2,20.007,no
JIDA,not_found,,,,,no response after 2 attempt(s) — likely IBKR error 200,2,20.008,no
JJA,not_found,,,,,no response after 2 attempt(s) — likely IBKR error 200,2,20.004,no
JJC,not_found,,,,,no response after 2 attempt(s) — likely IBKR error 200,2,20.003,no
JJE,not_found,,,,,no response after 2 attempt(s) — likely IBKR error 200,2,20.003,no
JJG,not_found,,,,,no response after 2 attempt(s) — likely IBKR error 200,2,20.005,no
JJM,not_found,,,,,no response after 2 attempt(s) — likely IBKR error 200,2,20.004,no
JJN,not_found,,,,,no response after 2 attempt(s) — likely IBKR error 200,2,20.003,no
JJP,not_found,,,,,no response after 2 attempt(s) — likely IBKR error 200,2,20.004,no
JJS,not_found,,,,,no response after 2 attempt(s) — likely IBKR error 200,2,20.006,no
JJT,not_found,,,,,no response after 2 attempt(s) — likely IBKR error 200,2,20.008,no
JJU,not_found,,,,,no response after 2 attempt(s) — likely IBKR error 200,2,20.010,no
JO,not_found,,,,,no response after 2 attempt(s) — likely IBKR error 200,2,20.006,no
JPMO,not_found,,,,,no response after 2 attempt(s) — likely IBKR error 200,2,20.006,no
JRNY,not_found,,,,,no response after 2 attempt(s) — likely IBKR error 200,2,20.009,no
JULD,not_found,,,,,no response after 2 attempt(s) — likely IBKR error 200,2,20.007,no
JULQ,not_found,,,,,no response after 2 attempt(s) — likely IBKR error 200,2,20.006,no
JUNE,not_found,,,,,no response after 2 attempt(s) — likely IBKR error 200,2,20.005,no
JZRO,not_found,,,,,no response after 2 attempt(s) — likely IBKR error 200,2,20.010,no
KALL,not_found,,,,,no response after 2 attempt(s) — likely IBKR error 200,2,20.006,no
KBND,not_found,,,,,no response after 2 attempt(s) — likely IBKR error 200,2,20.007,no
KBUY,not_found,,,,,no response after 2 attempt(s) — likely IBKR error 200,2,20.005,no
KBWR,not_found,,,,,no response after 2 attempt(s) — likely IBKR error 200,2,20.010,no
KDIV,not_found,,,,,no response after 2 attempt(s) — likely IBKR error 200,2,20.006,no
KEJI,not_found,,,,,no response after 2 attempt(s) — likely IBKR error 200,2,20.006,no
KEM,not_found,,,,,no response after 2 attempt(s) — likely IBKR error 200,2,20.009,no
KESG,not_found,,,,,no response after 2 attempt(s) — likely IBKR error 200,2,20.014,no
KEUA,not_found,,,,,no response after 2 attempt(s) — likely IBKR error 200,2,20.008,no
KFVG,not_found,,,,,no response after 2 attempt(s) — likely IBKR error 200,2,20.004,no
KFYP,not_found,,,,,no response after 2 attempt(s) — likely IBKR error 200,2,20.010,no
KLCD,not_found,,,,,no response after 2 attempt(s) — likely IBKR error 200,2,20.004,no
KLDW,not_found,,,,,no response after 2 attempt(s) — likely IBKR error 200,2,20.007,no
KLNE,not_found,,,,,no response after 2 attempt(s) — likely IBKR error 200,2,20.004,no
KLXY,not_found,,,,,no response after 2 attempt(s) — likely IBKR error 200,2,20.007,no
KMED,not_found,,,,,no response after 2 attempt(s) — likely IBKR error 200,2,20.006,no
KMET,not_found,,,,,no response after 2 attempt(s) — likely IBKR error 200,2,20.007,no
KNGS,not_found,,,,,no response after 2 attempt(s) — likely IBKR error 200,2,20.006,no
KOCG,not_found,,,,,no response after 2 attempt(s) — likely IBKR error 200,2,20.005,no
KOIN,not_found,,,,,no response after 2 attempt(s) — likely IBKR error 200,2,20.005,no
KPOP,not_found,,,,,no response after 2 attempt(s) — likely IBKR error 200,2,20.004,no
KRMA,not_found,,,,,no response after 2 attempt(s) — likely IBKR error 200,2,20.008,no
KRUZ,not_found,,,,,no response after 2 attempt(s) — likely IBKR error 200,2,20.002,no
KSEA,not_found,,,,,no response after 2 attempt(s) — likely IBKR error 200,2,20.006,no
LAYS,not_found,,,,,no response after 2 attempt(s) — likely IBKR error 200,2,20.005,no
LCDL,not_found,,,,,no response after 2 attempt(s) — likely IBKR error 200,2,20.001,no
LCG,not_found,,,,,no response after 2 attempt(s) — likely IBKR error 200,2,20.007,no
LD,not_found,,,,,no response after 2 attempt(s) — likely IBKR error 200,2,20.006,no
LEAD,not_found,,,,,no response after 2 attempt(s) — likely IBKR error 200,2,20.002,no
LIVR,not_found,,,,,no response after 2 attempt(s) — likely IBKR error 200,2,20.005,no
LMBO,not_found,,,,,no response after 2 attempt(s) — likely IBKR error 200,2,20.005,no
LNGG,not_found,,,,,no response after 2 attempt(s) — likely IBKR error 200,2,20.006,no
LNGZ,not_found,,,,,no response after 2 attempt(s) — likely IBKR error 200,2,20.005,no
LQIG,not_found,,,,,no response after 2 attempt(s) — likely IBKR error 200,2,20.008,no
LQPE,not_found,,,,,no response after 2 attempt(s) — likely IBKR error 200,2,20.004,no
LSST,not_found,,,,,no response after 2 attempt(s) — likely IBKR error 200,2,20.006,no
LUX,not_found,,,,,no response after 2 attempt(s) — likely IBKR error 200,2,20.005,no
LUXX,not_found,,,,,no response after 2 attempt(s) — likely IBKR error 200,2,20.008,no
LVOL,not_found,,,,,no response after 2 attempt(s) — likely IBKR error 200,2,20.008,no
LYFE,not_found,,,,,no response after 2 attempt(s) — likely IBKR error 200,2,20.010,no
MAAX,not_found,,,,,no response after 2 attempt(s) — likely IBKR error 200,2,20.010,no
MAGA,ambiguous,,,,ARCA|BATS,2 contracts across 2 venues,1,0.119,no
MAGQ,not_found,,,,,no response after 2 attempt(s) — likely IBKR error 200,2,20.005,no
MARB,not_found,,,,,no response after 2 attempt(s) — likely IBKR error 200,2,20.005,no
MBCC,not_found,,,,,no response after 2 attempt(s) — likely IBKR error 200,2,20.009,no
MBNE,not_found,,,,,no response after 2 attempt(s) — likely IBKR error 200,2,20.006,no
MCSE,not_found,,,,,no response after 2 attempt(s) — likely IBKR error 200,2,20.002,no
MDCP,not_found,,,,,no response after 2 attempt(s) — likely IBKR error 200,2,20.005,no
MINC,not_found,,,,,no response after 2 attempt(s) — likely IBKR error 200,2,20.003,no
MJUS,not_found,,,,,no response after 2 attempt(s) — likely IBKR error 200,2,20.002,no
MLPO,not_found,,,,,no response after 2 attempt(s) — likely IBKR error 200,2,20.002,no
MMLG,not_found,,,,,no response after 2 attempt(s) — likely IBKR error 200,2,20.009,no
MNTL,not_found,,,,,no response after 2 attempt(s) — likely IBKR error 200,2,20.005,no
MOHR,not_found,,,,,no response after 2 attempt(s) — likely IBKR error 200,2,20.003,no
MOON,not_found,,,,,no response after 2 attempt(s) — likely IBKR error 200,2,20.004,no
MPAY,not_found,,,,,no response after 2 attempt(s) — likely IBKR error 200,2,20.005,no
MRAD,not_found,,,,,no response after 2 attempt(s) — likely IBKR error 200,2,20.002,no
MSDD,not_found,,,,,no response after 2 attempt(s) — likely IBKR error 200,2,20.005,no
MSII,not_found,,,,,no response after 2 attempt(s) — likely IBKR error 200,2,20.004,no
MSVX,not_found,,,,,no response after 2 attempt(s) — likely IBKR error 200,2,20.001,no
MTVR,not_found,,,,,no response after 2 attempt(s) — likely IBKR error 200,2,20.008,no
MVPS,not_found,,,,,no response after 2 attempt(s) — likely IBKR error 200,2,20.005,no
NBCC,not_found,,,,,no response after 2 attempt(s) — likely IBKR error 200,2,20.005,no
NBCT,not_found,,,,,no response after 2 attempt(s) — likely IBKR error 200,2,20.001,no
NBGR,not_found,,,,,no response after 2 attempt(s) — likely IBKR error 200,2,20.005,no
NDVG,not_found,,,,,no response after 2 attempt(s) — likely IBKR error 200,2,20.004,no
NETZ,not_found,,,,,no response after 2 attempt(s) — likely IBKR error 200,2,20.006,no
NGE,not_found,,,,,no response after 2 attempt(s) — likely IBKR error 200,2,20.002,no
NIB,not_found,,,,,no response after 2 attempt(s) — likely IBKR error 200,2,20.006,no
NSCR,not_found,,,,,no response after 2 attempt(s) — likely IBKR error 200,2,20.006,no
NSCS,not_found,,,,,no response after 2 attempt(s) — likely IBKR error 200,2,20.004,no
NTZG,not_found,,,,,no response after 2 attempt(s) — likely IBKR error 200,2,20.003,no
NUSI,not_found,,,,,no response after 2 attempt(s) — likely IBKR error 200,2,20.010,no
NVQ,not_found,,,,,no response after 2 attempt(s) — likely IBKR error 200,2,20.004,no
NWLG,not_found,,,,,no response after 2 attempt(s) — likely IBKR error 200,2,20.008,no
NXTV,not_found,,,,,no response after 2 attempt(s) — likely IBKR error 200,2,20.003,no
NZUS,not_found,,,,,no response after 2 attempt(s) — likely IBKR error 200,2,20.004,no
OAIA,not_found,,,,,no response after 2 attempt(s) — likely IBKR error 200,2,20.006,no
OCFS,not_found,,,,,no response after 2 attempt(s) — likely IBKR error 200,2,20.004,no
OCTD,not_found,,,,,no response after 2 attempt(s) — likely IBKR error 200,2,20.006,no
OCTQ,not_found,,,,,no response after 2 attempt(s) — likely IBKR error 200,2,20.007,no
OEUR,not_found,,,,,no response after 2 attempt(s) — likely IBKR error 200,2,20.004,no
OFOS,not_found,,,,,no response after 2 attempt(s) — likely IBKR error 200,2,20.007,no
OIL,not_found,,,,,no response after 2 attempt(s) — likely IBKR error 200,2,20.006,no
OLO,not_found,,,,,no response after 2 attempt(s) — likely IBKR error 200,2,20.005,no
OOQB,not_found,,,,,no response after 2 attempt(s) — likely IBKR error 200,2,20.010,no
OOSB,not_found,,,,,no response after 2 attempt(s) — likely IBKR error 200,2,20.010,no
OOTO,not_found,,,,,no response after 2 attempt(s) — likely IBKR error 200,2,20.006,no
OPPX,not_found,,,,,no response after 2 attempt(s) — likely IBKR error 200,2,20.006,no
PAK,not_found,,,,,no response after 2 attempt(s) — likely IBKR error 200,2,20.005,no
PBDM,not_found,,,,,no response after 2 attempt(s) — likely IBKR error 200,2,20.007,no
PBEE,not_found,,,,,no response after 2 attempt(s) — likely IBKR error 200,2,20.009,no
PBND,not_found,,,,,no response after 2 attempt(s) — likely IBKR error 200,2,20.006,no
PBS,not_found,,,,,no response after 2 attempt(s) — likely IBKR error 200,2,20.003,no
PBSM,not_found,,,,,no response after 2 attempt(s) — likely IBKR error 200,2,20.005,no
PCEM,not_found,,,,,no response after 2 attempt(s) — likely IBKR error 200,2,20.008,no
PCRB,not_found,,,,,no response after 2 attempt(s) — likely IBKR error 200,2,20.003,no
PFUT,not_found,,,,,no response after 2 attempt(s) — likely IBKR error 200,2,20.011,no
PGAL,not_found,,,,,no response after 2 attempt(s) — likely IBKR error 200,2,20.006,no
PGM,not_found,,,,,no response after 2 attempt(s) — likely IBKR error 200,2,20.010,no
PHB,not_found,,,,,no response after 2 attempt(s) — likely IBKR error 200,2,20.010,no
PHYD,not_found,,,,,no response after 2 attempt(s) — likely IBKR error 200,2,20.015,no
PIN,not_found,,,,,no response after 2 attempt(s) — likely IBKR error 200,2,20.008,no
PJBF,not_found,,,,,no response after 2 attempt(s) — likely IBKR error 200,2,20.008,no
PLAT,not_found,,,,,no response after 2 attempt(s) — likely IBKR error 200,2,20.008,no
PLDR,not_found,,,,,no response after 2 attempt(s) — likely IBKR error 200,2,20.008,no
PLRG,not_found,,,,,no response after 2 attempt(s) — likely IBKR error 200,2,20.006,no
PLW,not_found,,,,,no response after 2 attempt(s) — likely IBKR error 200,2,20.004,no
POTX,not_found,,,,,no response after 2 attempt(s) — likely IBKR error 200,2,20.009,no
PP,not_found,,,,,no response after 2 attempt(s) — likely IBKR error 200,2,20.010,no
PPEM,not_found,,,,,no response after 2 attempt(s) — likely IBKR error 200,2,20.005,no
PPIE,not_found,,,,,no response after 2 attempt(s) — likely IBKR error 200,2,20.007,no
PRMN,not_found,,,,,no response after 2 attempt(s) — likely IBKR error 200,2,20.008,no
PSDN,not_found,,,,,no response after 2 attempt(s) — likely IBKR error 200,2,20.002,no
PSJ,not_found,,,,,no response after 2 attempt(s) — likely IBKR error 200,2,20.003,no
PSMB,not_found,,,,,no response after 2 attempt(s) — likely IBKR error 200,2,20.003,no
PSMC,not_found,,,,,no response after 2 attempt(s) — likely IBKR error 200,2,20.007,no
PSMG,not_found,,,,,no response after 2 attempt(s) — likely IBKR error 200,2,20.007,no
PSMM,not_found,,,,,no response after 2 attempt(s) — likely IBKR error 200,2,20.003,no
PTEC,not_found,,,,,no response after 2 attempt(s) — likely IBKR error 200,2,20.003,no
PULT,not_found,,,,,no response after 2 attempt(s) — likely IBKR error 200,2,20.003,no
PUTD,not_found,,,,,no response after 2 attempt(s) — likely IBKR error 200,2,20.002,no
PUTW,not_found,,,,,no response after 2 attempt(s) — likely IBKR error 200,2,20.010,no
PWC,not_found,,,,,no response after 2 attempt(s) — likely IBKR error 200,2,20.004,no
PXQ,not_found,,,,,no response after 2 attempt(s) — likely IBKR error 200,2,20.002,no
PXUS,not_found,,,,,no response after 2 attempt(s) — likely IBKR error 200,2,20.004,no
PYPE,not_found,,,,,no response after 2 attempt(s) — likely IBKR error 200,2,20.002,no
QCON,not_found,,,,,no response after 2 attempt(s) — likely IBKR error 200,2,20.005,no
QDCC,not_found,,,,,no response after 2 attempt(s) — likely IBKR error 200,2,20.002,no
QDYN,not_found,,,,,no response after 2 attempt(s) — likely IBKR error 200,2,20.003,no
QHDG,not_found,,,,,no response after 2 attempt(s) — likely IBKR error 200,2,20.003,no
QPFF,not_found,,,,,no response after 2 attempt(s) — likely IBKR error 200,2,20.009,no
QQC,not_found,,,,,no response after 2 attempt(s) — likely IBKR error 200,2,20.013,no
QQD,not_found,,,,,no response after 2 attempt(s) — likely IBKR error 200,2,20.005,no
QQJG,not_found,,,,,no response after 2 attempt(s) — likely IBKR error 200,2,20.007,no
QQQN,not_found,,,,,no response after 2 attempt(s) — likely IBKR error 200,2,20.001,no
QRFT,not_found,,,,,no response after 2 attempt(s) — likely IBKR error 200,2,20.005,no
QSWN,not_found,,,,,no response after 2 attempt(s) — likely IBKR error 200,2,20.008,no
QUVU,not_found,,,,,no response after 2 attempt(s) — likely IBKR error 200,2,20.008,no
QYLE,not_found,,,,,no response after 2 attempt(s) — likely IBKR error 200,2,20.008,no
RATE,not_found,,,,,no response after 2 attempt(s) — likely IBKR error 200,2,20.005,no
RAYC,not_found,,,,,no response after 2 attempt(s) — likely IBKR error 200,2,20.006,no
RAYD,not_found,,,,,no response after 2 attempt(s) — likely IBKR error 200,2,20.005,no
RAYE,not_found,,,,,no response after 2 attempt(s) — likely IBKR error 200,2,20.005,no
RAYS,not_found,,,,,no response after 2 attempt(s) — likely IBKR error 200,2,20.006,no
RBND,not_found,,,,,no response after 2 attempt(s) — likely IBKR error 200,2,20.009,no
REKT,not_found,,,,,no response after 2 attempt(s) — likely IBKR error 200,2,20.006,no
RENW,not_found,,,,,no response after 2 attempt(s) — likely IBKR error 200,2,20.006,no
RESD,not_found,,,,,no response after 2 attempt(s) — likely IBKR error 200,2,20.008,no
RESE,not_found,,,,,no response after 2 attempt(s) — likely IBKR error 200,2,20.005,no
RESP,not_found,,,,,no response after 2 attempt(s) — likely IBKR error 200,2,20.008,no
RFEU,not_found,,,,,no response after 2 attempt(s) — likely IBKR error 200,2,20.006,no
RGI,not_found,,,,,no response after 2 attempt(s) — likely IBKR error 200,2,20.007,no
RHS,not_found,,,,,no response after 2 attempt(s) — likely IBKR error 200,2,20.009,no
RINC,not_found,,,,,no response after 2 attempt(s) — likely IBKR error 200,2,20.010,no
RJMG,not_found,,,,,no response after 2 attempt(s) — likely IBKR error 200,2,20.005,no
RNDM,not_found,,,,,no response after 2 attempt(s) — likely IBKR error 200,2,20.007,no
RNDV,not_found,,,,,no response after 2 attempt(s) — likely IBKR error 200,2,20.009,no
RNEW,not_found,,,,,no response after 2 attempt(s) — likely IBKR error 200,2,20.006,no
RNLC,not_found,,,,,no response after 2 attempt(s) — likely IBKR error 200,2,20.006,no
RNMC,not_found,,,,,no response after 2 attempt(s) — likely IBKR error 200,2,20.007,no
RNSC,not_found,,,,,no response after 2 attempt(s) — likely IBKR error 200,2,20.005,no
RNWZ,not_found,,,,,no response after 2 attempt(s) — likely IBKR error 200,2,20.008,no
RODE,not_found,,,,,no response after 2 attempt(s) — likely IBKR error 200,2,20.004,no
ROOF,not_found,,,,,no response after 2 attempt(s) — likely IBKR error 200,2,20.007,no
RORO,not_found,,,,,no response after 2 attempt(s) — likely IBKR error 200,2,20.009,no
RPHS,not_found,,,,,no response after 2 attempt(s) — likely IBKR error 200,2,20.006,no
RRH,not_found,,,,,no response after 2 attempt(s) — likely IBKR error 200,2,20.003,no
RSHO,not_found,,,,,no response after 2 attempt(s) — likely IBKR error 200,2,20.006,no
RSPY,not_found,,,,,no response after 2 attempt(s) — likely IBKR error 200,2,20.007,no
RTL,not_found,,,,,no response after 2 attempt(s) — likely IBKR error 200,2,20.010,no
RTM,not_found,,,,,no response after 2 attempt(s) — likely IBKR error 200,2,20.004,no
RUFF,not_found,,,,,no response after 2 attempt(s) — likely IBKR error 200,2,20.008,no
RVRB,not_found,,,,,no response after 2 attempt(s) — likely IBKR error 200,2,20.010,no
RYE,not_found,,,,,no response after 2 attempt(s) — likely IBKR error 200,2,20.008,no
RYF,not_found,,,,,no response after 2 attempt(s) — likely IBKR error 200,2,20.005,no
RYH,not_found,,,,,no response after 2 attempt(s) — likely IBKR error 200,2,20.007,no
RYJ,not_found,,,,,no response after 2 attempt(s) — likely IBKR error 200,2,20.009,no
RYT,not_found,,,,,no response after 2 attempt(s) — likely IBKR error 200,2,20.009,no
RYU,not_found,,,,,no response after 2 attempt(s) — likely IBKR error 200,2,20.002,no
SAEF,not_found,,,,,no response after 2 attempt(s) — likely IBKR error 200,2,20.007,no
SAVN,not_found,,,,,no response after 2 attempt(s) — likely IBKR error 200,2,20.007,no
SCLS,not_found,,,,,no response after 2 attempt(s) — likely IBKR error 200,2,20.005,no
SDEF,not_found,,,,,no response after 2 attempt(s) — likely IBKR error 200,2,20.005,no
SDEI,not_found,,,,,no response after 2 attempt(s) — likely IBKR error 200,2,20.002,no
SDGA,not_found,,,,,no response after 2 attempt(s) — likely IBKR error 200,2,20.004,no
SENT,not_found,,,,,no response after 2 attempt(s) — likely IBKR error 200,2,20.004,no
SFIG,not_found,,,,,no response after 2 attempt(s) — likely IBKR error 200,2,20.003,no
SFYX,not_found,,,,,no response after 2 attempt(s) — likely IBKR error 200,2,20.003,no
SGG,not_found,,,,,no response after 2 attempt(s) — likely IBKR error 200,2,20.006,no
SILX,not_found,,,,,no response after 2 attempt(s) — likely IBKR error 200,2,20.004,no
SIXG,not_found,,,,,no response after 2 attempt(s) — likely IBKR error 200,2,20.006,no
SLY,not_found,,,,,no response after 2 attempt(s) — likely IBKR error 200,2,20.005,no
SMAP,not_found,,,,,no response after 2 attempt(s) — likely IBKR error 200,2,20.005,no
SMDY,not_found,,,,,no response after 2 attempt(s) — likely IBKR error 200,2,20.007,no
SMI,not_found,,,,,no response after 2 attempt(s) — likely IBKR error 200,2,20.005,no
SMLE,not_found,,,,,no response after 2 attempt(s) — likely IBKR error 200,2,20.006,no
SMQ,not_found,,,,,no response after 2 attempt(s) — likely IBKR error 200,2,20.005,no
SNLN,not_found,,,,,no response after 2 attempt(s) — likely IBKR error 200,2,20.006,no
SNPV,not_found,,,,,no response after 2 attempt(s) — likely IBKR error 200,2,20.005,no
SNPX,not_found,,,,,no response after 2 attempt(s) — likely IBKR error 200,2,20.005,no
SOGU,not_found,,,,,no response after 2 attempt(s) — likely IBKR error 200,2,20.005,no
SOLR,not_found,,,,,no response after 2 attempt(s) — likely IBKR error 200,2,20.006,no
SPCY,not_found,,,,,no response after 2 attempt(s) — likely IBKR error 200,2,20.004,no
SPCZ,not_found,,,,,no response after 2 attempt(s) — likely IBKR error 200,2,20.004,no
SPMV,not_found,,,,,no response after 2 attempt(s) — likely IBKR error 200,2,20.006,no
SPQ,not_found,,,,,no response after 2 attempt(s) — likely IBKR error 200,2,20.006,no
SPVU,not_found,,,,,no response after 2 attempt(s) — likely IBKR error 200,2,20.004,no
SPXB,not_found,,,,,no response after 2 attempt(s) — likely IBKR error 200,2,20.006,no
SPYB,not_found,,,,,no response after 2 attempt(s) — likely IBKR error 200,2,20.005,no
SQEW,not_found,,,,,no response after 2 attempt(s) — likely IBKR error 200,2,20.004,no
SQY,not_found,,,,,no response after 2 attempt(s) — likely IBKR error 200,2,20.006,no
SSLY,not_found,,,,,no response after 2 attempt(s) — likely IBKR error 200,2,20.006,no
SSPX,not_found,,,,,no response after 2 attempt(s) — likely IBKR error 200,2,20.005,no
STLG,not_found,,,,,no response after 2 attempt(s) — likely IBKR error 200,2,20.005,no
STLV,not_found,,,,,no response after 2 attempt(s) — likely IBKR error 200,2,20.005,no
STRV,not_found,,,,,no response after 2 attempt(s) — likely IBKR error 200,2,20.005,no
STXI,not_found,,,,,no response after 2 attempt(s) — likely IBKR error 200,2,20.006,no
STXM,not_found,,,,,no response after 2 attempt(s) — likely IBKR error 200,2,20.003,no
SUBS,not_found,,,,,no response after 2 attempt(s) — likely IBKR error 200,2,20.005,no
SWIN,not_found,,,,,no response after 2 attempt(s) — likely IBKR error 200,2,20.004,no
SXUS,not_found,,,,,no response after 2 attempt(s) — likely IBKR error 200,2,20.003,no
SYNB,not_found,,,,,no response after 2 attempt(s) — likely IBKR error 200,2,20.005,no
SYUS,not_found,,,,,no response after 2 attempt(s) — likely IBKR error 200,2,20.004,no
SZNE,not_found,,,,,no response after 2 attempt(s) — likely IBKR error 200,2,20.003,no
TDSA,not_found,,,,,no response after 2 attempt(s) — likely IBKR error 200,2,20.003,no
TDSD,not_found,,,,,no response after 2 attempt(s) — likely IBKR error 200,2,20.004,no
TDSE,not_found,,,,,no response after 2 attempt(s) — likely IBKR error 200,2,20.004,no
TEMP,not_found,,,,,no response after 2 attempt(s) — likely IBKR error 200,2,20.001,no
TGIF,not_found,,,,,no response after 2 attempt(s) — likely IBKR error 200,2,20.002,no
TGR,not_found,,,,,no response after 2 attempt(s) — likely IBKR error 200,2,20.001,no
THCX,not_found,,,,,no response after 2 attempt(s) — likely IBKR error 200,2,20.003,no
TMET,not_found,,,,,no response after 2 attempt(s) — likely IBKR error 200,2,20.002,no
TOKE,not_found,,,,,no response after 2 attempt(s) — likely IBKR error 200,2,20.008,no
TPHE,not_found,,,,,no response after 2 attempt(s) — likely IBKR error 200,2,20.003,no
TPLE,not_found,,,,,no response after 2 attempt(s) — likely IBKR error 200,2,20.002,no
TPMN,not_found,,,,,no response after 2 attempt(s) — likely IBKR error 200,2,20.001,no
TRPL,not_found,,,,,no response after 2 attempt(s) — likely IBKR error 200,2,20.002,no
TSJA,not_found,,,,,no response after 2 attempt(s) — likely IBKR error 200,2,20.003,no
TSLH,not_found,,,,,no response after 2 attempt(s) — likely IBKR error 200,2,20.003,no
TSOC,not_found,,,,,no response after 2 attempt(s) — likely IBKR error 200,2,20.004,no
TTAC,not_found,,,,,no response after 2 attempt(s) — likely IBKR error 200,2,20.004,no
TTAI,not_found,,,,,no response after 2 attempt(s) — likely IBKR error 200,2,20.003,no
TWIO,not_found,,,,,no response after 2 attempt(s) — likely IBKR error 200,2,20.004,no
TXSS,not_found,,,,,no response after 2 attempt(s) — likely IBKR error 200,2,20.002,no
ULTR,not_found,,,,,no response after 2 attempt(s) — likely IBKR error 200,2,20.001,no
URAX,not_found,,,,,no response after 2 attempt(s) — likely IBKR error 200,2,20.003,no
USCF,not_found,,,,,no response after 2 attempt(s) — likely IBKR error 200,2,20.004,no
USEQ,not_found,,,,,no response after 2 attempt(s) — likely IBKR error 200,2,20.003,no
USI,not_found,,,,,no response after 2 attempt(s) — likely IBKR error 200,2,20.003,no
USLB,not_found,,,,,no response after 2 attempt(s) — likely IBKR error 200,2,20.001,no
USVT,not_found,,,,,no response after 2 attempt(s) — likely IBKR error 200,2,20.004,no
UTRN,not_found,,,,,no response after 2 attempt(s) — likely IBKR error 200,2,20.003,no
UVDV,not_found,,,,,no response after 2 attempt(s) — likely IBKR error 200,2,20.004,no
VALT,not_found,,,,,no response after 2 attempt(s) — likely IBKR error 200,2,20.004,no
VCAR,not_found,,,,,no response after 2 attempt(s) — likely IBKR error 200,2,20.003,no
VCLO,not_found,,,,,no response after 2 attempt(s) — likely IBKR error 200,2,20.003,no
VIRS,not_found,,,,,no response after 2 attempt(s) — likely IBKR error 200,2,20.004,no
VMOT,not_found,,,,,no response after 2 attempt(s) — likely IBKR error 200,2,20.003,no
VNMC,not_found,,,,,no response after 2 attempt(s) — likely IBKR error 200,2,20.004,no
VPN,not_found,,,,,no response after 2 attempt(s) — likely IBKR error 200,2,20.002,no
VWI,not_found,,,,,no response after 2 attempt(s) — likely IBKR error 200,2,20.006,no
VWID,not_found,,,,,no response after 2 attempt(s) — likely IBKR error 200,2,20.004,no
WBAT,not_found,,,,,no response after 2 attempt(s) — likely IBKR error 200,2,20.003,no
WBND,not_found,,,,,no response after 2 attempt(s) — likely IBKR error 200,2,20.004,no
WEIX,not_found,,,,,no response after 2 attempt(s) — likely IBKR error 200,2,20.005,no
WFH,not_found,,,,,no response after 2 attempt(s) — likely IBKR error 200,2,20.002,no
WFHY,not_found,,,,,no response after 2 attempt(s) — likely IBKR error 200,2,20.003,no
WFIG,not_found,,,,,no response after 2 attempt(s) — likely IBKR error 200,2,20.006,no
WGRO,not_found,,,,,no response after 2 attempt(s) — likely IBKR error 200,2,20.006,no
WINC,not_found,,,,,no response after 2 attempt(s) — likely IBKR error 200,2,20.005,no
WIZ,not_found,,,,,no response after 2 attempt(s) — likely IBKR error 200,2,20.008,no
WKLY,not_found,,,,,no response after 2 attempt(s) — likely IBKR error 200,2,20.005,no
WNDY,not_found,,,,,no response after 2 attempt(s) — likely IBKR error 200,2,20.004,no
WPAY,not_found,,,,,no response after 2 attempt(s) — likely IBKR error 200,2,20.004,no
WPS,not_found,,,,,no response after 2 attempt(s) — likely IBKR error 200,2,20.003,no
WUCT,not_found,,,,,no response after 2 attempt(s) — likely IBKR error 200,2,20.006,no
XDAP,not_found,,,,,no response after 2 attempt(s) — likely IBKR error 200,2,20.006,no
XDJA,not_found,,,,,no response after 2 attempt(s) — likely IBKR error 200,2,20.006,no
XDJL,not_found,,,,,no response after 2 attempt(s) — likely IBKR error 200,2,20.006,no
XDOC,not_found,,,,,no response after 2 attempt(s) — likely IBKR error 200,2,20.004,no
XFIX,not_found,,,,,no response after 2 attempt(s) — likely IBKR error 200,2,20.004,no
XHYC,not_found,,,,,no response after 2 attempt(s) — likely IBKR error 200,2,20.002,no
XHYD,not_found,,,,,no response after 2 attempt(s) — likely IBKR error 200,2,20.004,no
XHYE,not_found,,,,,no response after 2 attempt(s) — likely IBKR error 200,2,20.005,no
XHYF,not_found,,,,,no response after 2 attempt(s) — likely IBKR error 200,2,20.003,no
XHYH,not_found,,,,,no response after 2 attempt(s) — likely IBKR error 200,2,20.003,no
XHYI,not_found,,,,,no response after 2 attempt(s) — likely IBKR error 200,2,20.003,no
XHYT,not_found,,,,,no response after 2 attempt(s) — likely IBKR error 200,2,20.003,no
XOMZ,not_found,,,,,no response after 2 attempt(s) — likely IBKR error 200,2,20.006,no
XOUT,not_found,,,,,no response after 2 attempt(s) — likely IBKR error 200,2,20.005,no
XRLV,not_found,,,,,no response after 2 attempt(s) — likely IBKR error 200,2,20.004,no
XVOL,not_found,,,,,no response after 2 attempt(s) — likely IBKR error 200,2,20.005,no
XWEB,not_found,,,,,no response after 2 attempt(s) — likely IBKR error 200,2,20.004,no
XXCH,not_found,,,,,no response after 2 attempt(s) — likely IBKR error 200,2,20.005,no
XYLE,not_found,,,,,no response after 2 attempt(s) — likely IBKR error 200,2,20.004,no
YPS,not_found,,,,,no response after 2 attempt(s) — likely IBKR error 200,2,20.003,no
ZIPP,not_found,,,,,no response after 2 attempt(s) — likely IBKR error 200,2,20.004,no
ZIVB,not_found,,,,,no response after 2 attempt(s) — likely IBKR error 200,2,20.005,no
ZZZ,not_found,,,,,no response after 2 attempt(s) — likely IBKR error 200,2,20.005,no
