ticker,venue
AAA,ARCA
AAAU,BATS
AADR,NASDAQ
AAPB,NASDAQ
AAPD,NASDAQ
AAPU,NASDAQ
AAPW,BATS
AAPX,BATS
AAPY,BATS
AAVM,NASDAQ
AAXJ,NASDAQ
ABCS,NASDAQ
ABEQ,ARCA
ABFL,BATS
ABLD,BATS
ABLG,BATS
ABOT,BATS
ABXB,BATS
ACES,ARCA
ACGR,ARCA
ACIO,BATS
ACLC,ARCA
ACSG,BATS
ACSI,BATS
ACT,NASDAQ
ACTX,PINK
ACVF,ARCA
ACVT,ARCA
ACWI,NASDAQ
ACWV,BATS
ACWX,NASDAQ
ADBG,NASDAQ
ADIV,ARCA
ADME,BATS
ADPV,ARCA
ADVE,ARCA
AESR,BATS
AETH,ARCA
AFIF,BATS
AFK,ARCA
AFLG,ARCA
AFMC,ARCA
AFSC,NASDAQ
AFSM,ARCA
AGEM,NASDAQ
AGG,ARCA
AGGA,NASDAQ
AGGH,ARCA
AGGS,ARCA
AGGY,ARCA
AGIX,NASDAQ
AGMI,NASDAQ
AGNG,NASDAQ
AGOX,ARCA
AGQ,ARCA
AGQI,ARCA
AGRH,ARCA
AGRW,ARCA
AGZ,ARCA
AGZD,NASDAQ
AHLT,ARCA
AHYB,ARCA
AIA,NASDAQ
AIBD,ARCA
AIBU,ARCA
AIEQ,ARCA
AIFD,NASDAQ
AIPI,NASDAQ
AIQ,NASDAQ
AIRR,NASDAQ
AIS,ARCA
AIVC,ARCA
AIVI,ARCA
AIVL,ARCA
AIYY,ARCA
ALAI,ARCA
ALIL,NASDAQ
ALLW,NASDAQ
ALRG,ARCA
ALTL,ARCA
ALTY,NASDAQ
AMAX,ARCA
AMDD,NASDAQ
AMDG,NASDAQ
AMDL,NASDAQ
AMDW,BATS
AMDY,ARCA
AMID,NASDAQ
AMJB,ARCA
AMLP,ARCA
AMOM,ARCA
AMUB,ARCA
AMUN,NASDAQ
AMUU,NASDAQ
AMYY,NASDAQ
AMZA,ARCA
AMZD,NASDAQ
AMZP,BATS
AMZU,NASDAQ
AMZW,BATS
AMZY,ARCA
AMZZ,NASDAQ
ANEL,NASDAQ
ANEW,ARCA
ANGL,NASDAQ
AOA,ARCA
AOHY,NASDAQ
AOK,ARCA
AOM,ARCA
AOR,ARCA
AOTG,NASDAQ
APCB,ARCA
APIE,ARCA
APLU,ARCA
APLY,ARCA
APMU,ARCA
APRH,BATS
APRJ,BATS
APRT,BATS
APRW,BATS
APRZ,BATS
APUE,ARCA
AQWA,NASDAQ
ARB,ARCA
ARCM,BATS
ARCX,BATS
ARGT,ARCA
ARKB,BATS
ARKD,BATS
ARKF,BATS
ARKG,BATS
ARKK,BATS
ARKQ,BATS
ARKW,BATS
ARKX,BATS
ARMG,NASDAQ
ARMH,ARCA
ARP,ARCA
ARTY,ARCA
ARVR,NASDAQ
ASCE,ARCA
ASCI,NASDAQ
ASEA,ARCA
ASHR,ARCA
ASHS,ARCA
ASIA,ARCA
ASLV,ARCA
ASMF,ARCA
ASMG,NASDAQ
ASMH,ARCA
ATFV,ARCA
ATMP,BATS
AUGT,BATS
AUGW,BATS
AUGZ,BATS
AUMI,NASDAQ
AUSF,ARCA
AUSM,ARCA
AVDE,ARCA
AVDS,ARCA
AVDV,ARCA
AVEE,ARCA
AVEM,ARCA
AVES,ARCA
AVGB,NASDAQ
AVGE,ARCA
AVGG,NASDAQ
AVGU,NASDAQ
AVGV,ARCA
AVGW,BATS
AVGX,NASDAQ
AVIE,ARCA
AVIG,ARCA
AVIV,ARCA
AVL,NASDAQ
AVLC,ARCA
AVLV,ARCA
AVMA,ARCA
AVMC,ARCA
AVMU,ARCA
AVMV,ARCA
AVNM,ARCA
AVNV,ARCA
AVOS,NASDAQ
AVRE,ARCA
AVS,NASDAQ
AVSC,ARCA
AVSD,ARCA
AVSE,ARCA
AVSF,ARCA
AVSU,ARCA
AVUQ,NASDAQ
AVUS,ARCA
AVUV,ARCA
AVXC,NASDAQ
AVXX,NASDAQ
AWAY,ARCA
AZTD,ARCA
AZYY,NASDAQ
BAB,ARCA
BABO,ARCA
BABX,NASDAQ
BAFE,NASDAQ
BAGY,BATS
BAI,ARCA
BAIG,NASDAQ
BALI,BATS
BALQ,NASDAQ
BALT,BATS
BAMA,BATS
BAMD,BATS
BAMG,BATS
BAMO,BATS
BAMU,BATS
BAMV,BATS
BAMY,BATS
BAPR,BATS
BAR,ARCA
BASG,NASDAQ
BASV,NASDAQ
BATT,ARCA
BAUG,BATS
BBAG,BATS
BBAX,BATS
BBB,NASDAQ
BBBI,ARCA
BBBL,ARCA
BBBS,ARCA
BBC,ARCA
BBCA,BATS
BBCB,BATS
BBEM,BATS
BBEU,BATS
BBH,NASDAQ
BBHY,BATS
BBIB,BATS
BBIN,BATS
BBJP,BATS
BBLB,BATS
BBLU,ARCA
BBMC,BATS
BBP,ARCA
BBRE,BATS
BBSB,BATS
BBSC,BATS
BBUS,BATS
BBYY,NASDAQ
BCD,ARCA
BCDF,ARCA
BCHI,ARCA
BCHP,BATS
BCI,ARCA
BCIL,ARCA
BCLO,NASDAQ
BCOR,ARCA
BCUS,ARCA
BDBT,ARCA
BDCX,ARCA
BDCZ,ARCA
BDEC,BATS
BDGS,NASDAQ
BDIV,ARCA
BDRY,ARCA
BDVG,ARCA
BDVL,NASDAQ
BEDY,NASDAQ
BEDZ,ARCA
BEEZ,NASDAQ
BELT,NASDAQ
BEMB,BATS
BENJ,ARCA
BERZ,ARCA
BETE,ARCA
BETH,ARCA
BETZ,ARCA
BFAP,ARCA
BFEB,BATS
BFIX,ARCA
BFOR,ARCA
BFRZ,ARCA
BGIG,ARCA
BGLD,BATS
BGRN,NASDAQ
BGRO,NASDAQ
BHYB,BATS
BIB,NASDAQ
BIBL,ARCA
BIDD,ARCA
BIGY,ARCA
BIL,ARCA
BILD,ARCA
BILS,ARCA
BILZ,ARCA
BINC,ARCA
BINT,ARCA
BINV,BATS
BIS,NASDAQ
BITB,ARCA
BITC,ARCA
BITI,ARCA
BITO,ARCA
BITQ,ARCA
BITS,NASDAQ
BITU,ARCA
BITX,BATS
BIV,ARCA
BIZD,ARCA
BJAN,BATS
BJUL,BATS
BJUN,BATS
BKAG,ARCA
BKCG,ARCA
BKCH,NASDAQ
BKCI,ARCA
BKDV,ARCA
BKEM,ARCA
BKF,ARCA
BKGI,BATS
BKHY,ARCA
BKIE,ARCA
BKLC,ARCA
BKLN,ARCA
BKMC,ARCA
BKSE,ARCA
BKUI,ARCA
BLCR,NASDAQ
BLCV,ARCA
BLDG,BATS
BLES,ARCA
BLGR,ARCA
BLOK,ARCA
BLOX,ARCA
BLSG,NASDAQ
BLST,ARCA
BLTD,ARCA
BLUC,ARCA
BLUI,ARCA
BLUX,ARCA
BLV,ARCA
BMAR,BATS
BMAY,BATS
BMED,ARCA
BMVP,ARCA
BND,NASDAQ
BNDC,ARCA
BNDD,ARCA
BNDI,ARCA
BNDP,NASDAQ
BNDS,ARCA
BNDW,NASDAQ
BNDX,NASDAQ
BNGE,ARCA
BNKD,ARCA
BNKU,ARCA
BNO,ARCA
BNOV,BATS
BOAT,ARCA
BOBP,ARCA
BOCT,BATS
BOEG,NASDAQ
BOEU,NASDAQ
BOIL,ARCA
BOND,NYSE
BOTT,NASDAQ
BOTZ,NASDAQ
BOUT,ARCA
BOXX,BATS
BPAY,ARCA
BPH,ARCA
BPI,ARCA
BRAZ,ARCA
BREM,NASDAQ
BRF,ARCA
BRHY,NASDAQ
BRIF,ARCA
BRKC,ARCA
BRKW,BATS
BRLN,BATS
BRNY,NASDAQ
BRRR,NASDAQ
BRTR,NASDAQ
BRZU,ARCA
BSCQ,NASDAQ
BSCR,NASDAQ
BSCS,NASDAQ
BSCT,NASDAQ
BSCU,NASDAQ
BSCV,NASDAQ
BSCW,NASDAQ
BSCX,NASDAQ
BSCY,NASDAQ
BSCZ,NASDAQ
BSEP,BATS
BSJQ,NASDAQ
BSJR,NASDAQ
BSJS,NASDAQ
BSJT,NASDAQ
BSJU,NASDAQ
BSJV,NASDAQ
BSJW,NASDAQ
BSJX,NASDAQ
BSMC,BATS
BSMQ,NASDAQ
BSMR,NASDAQ
BSMS,NASDAQ
BSMT,NASDAQ
BSMU,NASDAQ
BSMV,NASDAQ
BSMW,NASDAQ
BSMY,NASDAQ
BSMZ,NASDAQ
BSR,ARCA
BSSX,NASDAQ
BSTP,ARCA
BSV,ARCA
BSVO,NASDAQ
BTAL,ARCA
BTC,ARCA
BTCC,ARCA
BTCO,BATS
BTCW,BATS
BTF,NASDAQ
BTGD,NASDAQ
BTR,ARCA
BTRN,ARCA
BUCK,ARCA
BUFB,BATS
BUFC,NASDAQ
BUFD,BATS
BUFF,BATS
BUFG,BATS
BUFP,BATS
BUFQ,BATS
BUFR,BATS
BUFS,BATS
BUFT,BATS
BUFZ,BATS
BUG,NASDAQ
BUL,ARCA
BULD,NASDAQ
BULG,NASDAQ
BULZ,ARCA
BUSA,BATS
BUXX,NYSE
BUYO,ARCA
BUYW,BATS
BUYZ,BATS
BUZZ,ARCA
BVAL,ARCA
BWET,ARCA
BWTG,BATS
BWX,ARCA
BWZ,ARCA
BYLD,ARCA
BYRE,ARCA
BZQ,ARCA
CAAA,ARCA
CAFG,NASDAQ
CAFX,ARCA
CAIQ,NASDAQ
CALF,BATS
CALI,NASDAQ
CAML,ARCA
CAMX,ARCA
CANC,NASDAQ
CANE,ARCA
CANQ,NASDAQ
CAOS,BATS
CAPE,ARCA
CARD,ARCA
CARK,ARCA
CARU,ARCA
CARY,NASDAQ
CARZ,NASDAQ
CAS,ARCA
CATF,ARCA
CATH,NASDAQ
CBLS,ARCA
CBON,ARCA
CBSE,ARCA
CCEF,ARCA
CCFE,NASDAQ
CCNR,NASDAQ
CCOR,ARCA
CCSB,NASDAQ
CCSO,NASDAQ
CDC,NASDAQ
CDEI,ARCA
CDIG,NASDAQ
CDL,NASDAQ
CDX,ARCA
CEF,ARCA
CEFA,NASDAQ
CEFD,ARCA
CEFS,BATS
CEFZ,BATS
CEMB,BATS
CEPI,NASDAQ
CERY,ARCA
CEW,ARCA
CFA,NASDAQ
CFO,NASDAQ
CGBL,ARCA
CGCB,ARCA
CGCP,ARCA
CGCV,ARCA
CGDG,ARCA
CGDV,ARCA
CGGE,ARCA
CGGG,ARCA
CGGO,ARCA
CGGR,ARCA
CGHM,ARCA
CGHY,ARCA
CGIB,ARCA
CGIC,ARCA
CGIE,ARCA
CGMM,ARCA
CGMS,ARCA
CGMU,ARCA
CGNG,ARCA
CGRO,ARCA
CGSD,ARCA
CGSM,ARCA
CGUI,ARCA
CGUS,ARCA
CGV,NYSE
CGVV,ARCA
CGW,ARCA
CGXU,ARCA
CHAT,ARCA
CHAU,ARCA
CHGX,NASDAQ
CHIQ,ARCA
CHPS,NASDAQ
CHPX,NASDAQ
CHRI,NASDAQ
CIBR,NASDAQ
CLIP,ARCA
CLIX,ARCA
CLOA,NASDAQ
CLOB,ARCA
CLOD,NASDAQ
CLOI,ARCA
CLOU,NASDAQ
CLOX,ARCA
CLOZ,ARCA
CLSE,BATS
CLSM,NASDAQ
CMBO,NASDAQ
CMBS,ARCA
CMDT,ARCA
CMDY,ARCA
CMF,ARCA
CMGG,NASDAQ
CNBS,ARCA
CNEQ,ARCA
CNQQ,NASDAQ
CNRG,ARCA
CNXT,ARCA
CNYA,BATS
COAL,ARCA
COIG,NASDAQ
COIW,BATS
COLO,ARCA
COM,ARCA
COMB,ARCA
COMT,NASDAQ
CONI,NASDAQ
CONL,NASDAQ
CONX,NASDAQ
CONY,ARCA
COPJ,NASDAQ
COPP,NASDAQ
COPX,ARCA
COPY,ARCA
CORN,ARCA
CORO,NASDAQ
CORP,ARCA
COTG,NASDAQ
COWG,NASDAQ
COWS,NASDAQ
COWZ,BATS
COYY,NASDAQ
CPAG,NASDAQ
CPAI,NYSE
CPER,ARCA
CPHY,NASDAQ
CPII,ARCA
CPLB,ARCA
CPLS,NASDAQ
CPNJ,ARCA
CPNM,ARCA
CPNS,ARCA
CPRA,ARCA
CPRJ,ARCA
CPRO,ARCA
CPRY,ARCA
CPSA,ARCA
CPSF,ARCA
CPSJ,ARCA
CPSM,ARCA
CPSN,ARCA
CPSO,ARCA
CPSP,ARCA
CPSR,ARCA
CPST,ARCA
CPSU,ARCA
CPSY,ARCA
CPXR,ARCA
CQQQ,ARCA
CRAK,ARCA
CRBN,ARCA
CRCO,ARCA
CRDT,ARCA
CRED,ARCA
CRPT,ARCA
CRSH,ARCA
CRTC,ARCA
CRWL,NASDAQ
CSB,NASDAQ
CSCL,NASDAQ
CSCS,NASDAQ
CSD,ARCA
CSHI,ARCA
CSHP,ARCA
CSM,BATS
CSMD,ARCA
CSNR,ARCA
CSPF,ARCA
CSRE,ARCA
CTA,ARCA
CTEC,NASDAQ
CTEX,ARCA
CURE,ARCA
CUT,ARCA
CVIE,ARCA
CVLC,ARCA
CVMC,ARCA
CVNY,ARCA
CVRD,ARCA
CVRT,ARCA
CVSB,ARCA
CVY,ARCA
CWB,ARCA
CWEB,ARCA
CWI,ARCA
CWS,ARCA
CXSE,NASDAQ
CZA,ARCA
CZAR,NASDAQ
DABS,ARCA
DALI,NASDAQ
DAPP,NASDAQ
DAPR,BATS
DARP,ARCA
DAT,ARCA
DAUG,BATS
DAX,NASDAQ
DBA,ARCA
DBAW,ARCA
DBB,ARCA
DBC,ARCA
DBE,ARCA
DBEF,ARCA
DBEM,ARCA
DBEU,ARCA
DBEZ,ARCA
DBJP,ARCA
DBMF,ARCA
DBND,ARCA
DBO,ARCA
DBP,ARCA
DCMT,ARCA
DCOR,ARCA
DCRE,ARCA
DDEC,BATS
DDFD,BATS
DDFN,BATS
DDIV,NASDAQ
DDLS,BATS
DDM,ARCA
DDTD,BATS
DDTN,BATS
DDWM,BATS
DDX,BATS
DECO,NASDAQ
DECT,BATS
DECW,BATS
DECZ,BATS
DEED,ARCA
DEEF,ARCA
DEEP,ARCA
DEFI,ARCA
DEHP,ARCA
DEM,ARCA
DEMZ,NASDAQ
DES,ARCA
DESK,ARCA
DEUS,ARCA
DEW,ARCA
DEXC,ARCA
DFAC,ARCA
DFAE,ARCA
DFAI,ARCA
DFAR,ARCA
DFAS,ARCA
DFAT,ARCA
DFAU,ARCA
DFAW,ARCA
DFAX,ARCA
DFCA,ARCA
DFCF,ARCA
DFE,ARCA
DFEB,BATS
DFEM,ARCA
DFEN,ARCA
DFEV,ARCA
DFGP,NASDAQ
DFGR,ARCA
DFGX,NASDAQ
DFIC,BATS
DFII,ARCA
DFIP,ARCA
DFIS,BATS
DFIV,ARCA
DFJ,ARCA
DFLV,ARCA
DFNL,BATS
DFNM,ARCA
DFSB,ARCA
DFSD,ARCA
DFSE,ARCA
DFSI,ARCA
DFSU,ARCA
DFSV,ARCA
DFUS,ARCA
DFUV,ARCA
DFVE,ARCA
DFVX,ARCA
DGCB,NASDAQ
DGIN,ARCA
DGP,ARCA
DGRE,NASDAQ
DGRO,ARCA
DGRS,NASDAQ
DGRW,NASDAQ
DGS,ARCA
DGT,ARCA
DGZ,ARCA
DHDG,BATS
DHLX,ARCA
DHS,ARCA
DHSB,ARCA
DIA,ARCA
DIAL,ARCA
DIEM,ARCA
DIG,ARCA
DIHP,BATS
DIM,ARCA
DIME,NASDAQ
DINT,BATS
DIPS,ARCA
DISV,BATS
DIV,ARCA
DIVB,BATS
DIVD,NASDAQ
DIVE,ARCA
DIVG,ARCA
DIVI,ARCA
DIVL,ARCA
DIVO,ARCA
DIVP,ARCA
DIVS,ARCA
DIVY,NYSE
DIVZ,ARCA
DJAN,BATS
DJD,ARCA
DJIA,ARCA
DJP,ARCA
DJUL,BATS
DJUN,BATS
DLLL,NASDAQ
DLN,ARCA
DLS,ARCA
DMAR,BATS
DMAY,BATS
DMBS,ARCA
DMX,ARCA
DMXF,NASDAQ
DNL,ARCA
DNOV,BATS
DOCT,BATS
DOG,ARCA
DOGG,BATS
DOL,ARCA
DON,ARCA
DPST,ARCA
DRAI,ARCA
DRAY,ARCA
DRIP,ARCA
DRIV,NASDAQ
DRLL,NYSE
DRN,ARCA
DRNZ,NASDAQ
DRSK,BATS
DRUP,ARCA
DRV,ARCA
DRVN,NASDAQ
DSEP,BATS
DSI,ARCA
DSMC,NYSE
DSPY,ARCA
DSTL,ARCA
DSTX,NYSE
DTAN,ARCA
DTCR,NASDAQ
DTD,ARCA
DTEC,ARCA
DTH,ARCA
DTRE,ARCA
DUBS,BATS
DUG,ARCA
DUHP,ARCA
DUKH,NASDAQ
DUKQ,ARCA
DUKX,NASDAQ
DUKZ,ARCA
DULL,ARCA
DUNK,ARCA
DURA,BATS
DUSA,BATS
DUSB,ARCA
DUSL,ARCA
DUST,ARCA
DVAL,NASDAQ
DVDN,ARCA
DVGR,NASDAQ
DVLU,NASDAQ
DVND,ARCA
DVOL,NASDAQ
DVY,NASDAQ
DVYA,ARCA
DVYE,ARCA
DWAS,NASDAQ
DWAW,NASDAQ
DWLD,BATS
DWM,ARCA
DWMF,ARCA
DWSH,NASDAQ
DWUS,NASDAQ
DWX,ARCA
DXD,ARCA
DXIV,ARCA
DXJ,ARCA
DXUV,ARCA
DYFI,NASDAQ
DYLD,ARCA
DYLG,ARCA
DYNB,NASDAQ
DYNF,ARCA
DYTA,NASDAQ
DZZ,ARCA
EAFG,ARCA
EAGG,ARCA
EAGL,ARCA
EALT,BATS
EAOA,BATS
EAOK,BATS
EAOM,BATS
EAOR,BATS
EAPR,ARCA
EART,NASDAQ
EASG,ARCA
EASY,NASDAQ
EBI,NASDAQ
EBIT,ARCA
EBIZ,NASDAQ
EBND,ARCA
EBUF,ARCA
ECH,BATS
ECML,ARCA
ECNS,ARCA
ECON,ARCA
ECOW,NASDAQ
EDC,ARCA
EDEN,BATS
EDGF,ARCA
EDGH,ARCA
EDGI,ARCA
EDGU,ARCA
EDIV,ARCA
EDOG,ARCA
EDOW,ARCA
EDV,ARCA
EDZ,ARCA
EELV,ARCA
EEM,ARCA
EEMA,NASDAQ
EEMO,ARCA
EEMS,ARCA
EEMV,BATS
EEMX,ARCA
EES,ARCA
EET,ARCA
EETH,ARCA
EEV,ARCA
EFA,ARCA
EFAA,ARCA
EFAD,BATS
EFAS,NASDAQ
EFAV,BATS
EFAX,ARCA
EFG,BATS
EFIV,ARCA
EFNL,BATS
EFO,ARCA
EFRA,NASDAQ
EFU,ARCA
EFV,BATS
EFZ,ARCA
EGGQ,NASDAQ
EGGS,ARCA
EGGY,ARCA
EGLE,ARCA
EGUS,BATS
EHLS,NASDAQ
EIDO,ARCA
EINC,ARCA
EIPI,ARCA
EIPX,ARCA
EIRL,ARCA
EIS,ARCA
EJAN,ARCA
EJUL,ARCA
EKG,NASDAQ
ELCV,ARCA
ELD,ARCA
ELFY,NASDAQ
ELIL,NASDAQ
ELM,ARCA
EMB,NASDAQ
EMBD,ARCA
EMC,ARCA
EMCB,NASDAQ
EMCR,ARCA
EMCS,ARCA
EMDM,ARCA
EMDV,BATS
EMEQ,NASDAQ
EMES,ARCA
EMET,ARCA
EMGF,BATS
EMHC,ARCA
EMHY,BATS
EMIF,NASDAQ
EMLC,ARCA
EMLP,ARCA
EMM,ARCA
EMMF,ARCA
EMNT,ARCA
EMOP,ARCA
EMOT,ARCA
EMQQ,ARCA
EMSF,ARCA
EMTY,ARCA
EMXC,NASDAQ
EMXF,NASDAQ
ENDW,NASDAQ
ENFR,ARCA
ENHU,NASDAQ
ENOR,BATS
ENZL,NASDAQ
EOCT,ARCA
EPHE,ARCA
EPI,ARCA
EPMB,ARCA
EPOL,ARCA
EPP,ARCA
EPRF,BATS
EPS,ARCA
EPSB,ARCA
EPSV,ARCA
EPU,ARCA
EPV,ARCA
EQAL,ARCA
EQIN,ARCA
EQL,ARCA
EQLT,BATS
EQRR,NASDAQ
EQTY,ARCA
EQWL,ARCA
ERET,NASDAQ
ERTH,ARCA
ERX,ARCA
ERY,ARCA
ESG,BATS
ESGD,NASDAQ
ESGE,NASDAQ
ESGG,BATS
ESGU,NASDAQ
ESGV,BATS
ESLG,ARCA
ESLV,ARCA
ESML,BATS
ESMV,NASDAQ
ESN,NASDAQ
ESPO,NASDAQ
ESSC,ARCA
ESUM,ARCA
ETCO,ARCA
ETEC,NASDAQ
ETH,ARCA
ETHD,ARCA
ETHE,ARCA
ETHO,ARCA
ETHT,ARCA
ETHU,BATS
ETHV,BATS
ETHW,ARCA
EUDG,ARCA
EUDV,BATS
EUFN,NASDAQ
EUHY,BATS
EUM,ARCA
EUO,ARCA
EURL,ARCA
EUSA,ARCA
EUSB,ARCA
EVHY,ARCA
EVIM,ARCA
EVLN,ARCA
EVMT,NASDAQ
EVNT,ARCA
EVSB,ARCA
EVSD,NASDAQ
EVSM,ARCA
EVTR,NYSE
EVUS,BATS
EVX,ARCA
EVYM,NASDAQ
EWA,ARCA
EWC,ARCA
EWD,ARCA
EWG,ARCA
EWH,ARCA
EWI,ARCA
EWJ,ARCA
EWJV,NASDAQ
EWK,ARCA
EWL,ARCA
EWM,ARCA
EWN,ARCA
EWO,ARCA
EWP,ARCA
EWQ,ARCA
EWS,ARCA
EWT,ARCA
EWU,ARCA
EWUS,BATS
EWV,ARCA
EWW,ARCA
EWX,ARCA
EWY,ARCA
EWZ,ARCA
EWZS,NASDAQ
EXI,ARCA
EXUS,NASDAQ
EYEG,NASDAQ
EYLD,BATS
EZA,ARCA
EZBC,BATS
EZET,BATS
EZJ,ARCA
EZM,ARCA
EZMO,NASDAQ
EZPZ,BATS
EZRO,NASDAQ
EZU,BATS
FAAR,NASDAQ
FAB,NASDAQ
FAD,NASDAQ
FALN,NASDAQ
FAN,ARCA
FAPR,BATS
FAS,ARCA
FAUG,BATS
FAZ,ARCA
FB,BATS
FBCG,BATS
FBCV,BATS
FBDC,ARCA
FBL,NASDAQ
FBND,ARCA
FBOT,NASDAQ
FBT,ARCA
FBTC,BATS
FBY,ARCA
FBYY,NASDAQ
FCA,NASDAQ
FCAL,NASDAQ
FCEF,NASDAQ
FCFY,ARCA
FCG,ARCA
FCLD,BATS
FCOM,ARCA
FCOR,ARCA
FCPI,BATS
FCSH,ARCA
FCTE,NASDAQ
FCTR,BATS
FCUS,ARCA
FCVT,NASDAQ
FDAT,ARCA
FDCF,NASDAQ
FDD,ARCA
FDEC,BATS
FDEM,BATS
FDEV,BATS
FDFF,NASDAQ
FDG,ARCA
FDHY,ARCA
FDIF,NASDAQ
FDIG,NASDAQ
FDIQ,NASDAQ
FDIS,ARCA
FDIV,NASDAQ
FDL,ARCA
FDLO,ARCA
FDLS,ARCA
FDM,ARCA
FDMO,ARCA
FDN,ARCA
FDNI,NASDAQ
FDRR,ARCA
FDRV,BATS
FDT,NASDAQ
FDTS,NASDAQ
FDTX,NASDAQ
FDV,ARCA
FDVV,ARCA
FEBT,BATS
FEBW,BATS
FEBZ,BATS
FEDM,ARCA
FEGE,NYSE
FEIG,ARCA
FELC,ARCA
FELG,ARCA
FELV,ARCA
FEM,NASDAQ
FEMB,NASDAQ
FEMS,NASDAQ
FENI,ARCA
FENY,ARCA
FEOE,NYSE
FEP,NASDAQ
FEPI,NASDAQ
FESM,ARCA
FETH,BATS
FEUS,ARCA
FEUZ,NASDAQ
FEX,NASDAQ
FEZ,ARCA
FFEB,BATS
FFIU,ARCA
FFLC,BATS
FFLG,BATS
FFLS,ARCA
FFND,ARCA
FFOG,BATS
FFOX,ARCA
FFSM,BATS
FFTY,ARCA
FFUT,NASDAQ
FGD,ARCA
FGDL,ARCA
FGM,NASDAQ
FGSI,NASDAQ
FHDG,BATS
FHLC,ARCA
FHYS,ARCA
FIAT,ARCA
FIAX,ARCA
FICS,NASDAQ
FID,NASDAQ
FIDI,ARCA
FIDU,ARCA
FIG,NYSE
FIGB,ARCA
FIIG,ARCA
FINX,NASDAQ
FISR,ARCA
FITE,ARCA
FIVA,ARCA
FIW,ARCA
FIXD,NASDAQ
FIXP,ARCA
FIXT,NYSE
FJAN,BATS
FJP,NASDAQ
FJUL,BATS
FJUN,BATS
FKU,NASDAQ
FLAG,ARCA
FLAO,BATS
FLAU,ARCA
FLAX,ARCA
FLBL,BATS
FLBR,ARCA
FLCA,ARCA
FLCB,ARCA
FLCC,ARCA
FLCG,ARCA
FLCH,ARCA
FLCO,ARCA
FLCV,ARCA
FLDB,NASDAQ
FLDR,BATS
FLDZ,BATS
FLEE,ARCA
FLEU,ARCA
FLGB,ARCA
FLGR,ARCA
FLGV,ARCA
FLHY,BATS
FLIA,BATS
FLIN,ARCA
FLJH,ARCA
FLJJ,BATS
FLJP,ARCA
FLKR,ARCA
FLLA,ARCA
FLMB,ARCA
FLMI,ARCA
FLMX,ARCA
FLN,NASDAQ
FLOT,BATS
FLOW,ARCA
FLQL,BATS
FLQM,BATS
FLQS,BATS
FLRG,ARCA
FLRN,ARCA
FLRT,ARCA
FLSA,ARCA
FLSP,ARCA
FLSW,ARCA
FLTB,ARCA
FLTR,ARCA
FLTW,ARCA
FLUD,ARCA
FLV,ARCA
FLXN,BATS
FLXR,NYSE
FLYD,ARCA
FLYT,BATS
FLYU,ARCA
FMAG,BATS
FMAR,BATS
FMAT,ARCA
FMAY,BATS
FMB,NASDAQ
FMCE,ARCA
FMCX,ARCA
FMDE,ARCA
FMED,NASDAQ
FMET,NASDAQ
FMF,ARCA
FMHI,NASDAQ
FMKT,ARCA
FMNY,ARCA
FMQQ,ARCA
FMTM,NASDAQ
FMUB,NASDAQ
FMUN,NASDAQ
FNCL,ARCA
FNDA,ARCA
FNDB,ARCA
FNDC,ARCA
FNDE,ARCA
FNDF,ARCA
FNDX,ARCA
FNGD,ARCA
FNGG,ARCA
FNGO,ARCA
FNGS,ARCA
FNGU,ARCA
FNK,NASDAQ
FNOV,BATS
FNX,NASDAQ
FNY,NASDAQ
FOCT,BATS
FORH,BATS
FOWF,BATS
FOXY,ARCA
FPA,NASDAQ
FPAG,BATS
FPE,ARCA
FPEI,ARCA
FPFD,BATS
FPRO,BATS
FPWR,ARCA
FPX,ARCA
FPXE,NASDAQ
FPXI,NASDAQ
FQAL,ARCA
FRDM,BATS
FREL,ARCA
FRI,ARCA
FRIZ,ARCA
FRNW,BATS
FRTY,ARCA
FSCC,ARCA
FSCS,NASDAQ
FSEC,ARCA
FSEP,BATS
FSGS,NASDAQ
FSIG,ARCA
FSMB,ARCA
FSMD,ARCA
FSTA,ARCA
FSYD,ARCA
FSZ,NASDAQ
FTA,NASDAQ
FTAG,NASDAQ
FTBD,ARCA
FTBI,ARCA
FTC,NASDAQ
FTCB,ARCA
FTCE,ARCA
FTCS,NASDAQ
FTDS,NASDAQ
FTEC,ARCA
FTGC,NASDAQ
FTGS,NASDAQ
FTHF,ARCA
FTHI,NASDAQ
FTIF,ARCA
FTKI,ARCA
FTLS,ARCA
FTQI,NASDAQ
FTRB,ARCA
FTRI,NASDAQ
FTSD,ARCA
FTSL,NASDAQ
FTSM,NASDAQ
FTW,NYSE
FTWO,NYSE
FTXG,NASDAQ
FTXH,NASDAQ
FTXL,NASDAQ
FTXN,NASDAQ
FTXO,NASDAQ
FTXR,NASDAQ
FUMB,ARCA
FUSI,ARCA
FUTG,NASDAQ
FUTS,PINK
FUTY,ARCA
FV,NASDAQ
FVAL,ARCA
FVC,NASDAQ
FVD,ARCA
FWD,ARCA
FXA,ARCA
FXB,ARCA
FXC,ARCA
FXD,ARCA
FXE,ARCA
FXED,NYSE
FXF,ARCA
FXG,ARCA
FXH,ARCA
FXI,ARCA
FXL,ARCA
FXN,ARCA
FXO,ARCA
FXP,ARCA
FXR,ARCA
FXU,ARCA
FXY,ARCA
FXZ,ARCA
FYC,NASDAQ
FYEE,BATS
FYLD,BATS
FYT,NASDAQ
FYX,NASDAQ
GAA,BATS
GABF,ARCA
GAEM,ARCA
GAL,ARCA
GAMR,ARCA
GAPR,BATS
GARP,BATS
GAUG,BATS
GBF,ARCA
GBIL,ARCA
GBND,ARCA
GBTC,ARCA
GBUG,NASDAQ
GCAD,ARCA
GCAL,ARCA
GCC,ARCA
GCOR,ARCA
GCOW,BATS
GDEC,BATS
GDIV,NYSE
GDLC,ARCA
GDMA,BATS
GDOC,ARCA
GDX,ARCA
GDXD,ARCA
GDXJ,ARCA
GDXU,ARCA
GDXY,ARCA
GEM,ARCA
GEMD,BATS
GEME,NASDAQ
GEMG,NASDAQ
GEND,ARCA
GENM,ARCA
GENT,ARCA
GENW,ARCA
GEW,NASDAQ
GFEB,BATS
GFGF,NASDAQ
GGLL,NASDAQ
GGLS,NASDAQ
GGM,ARCA
GGME,ARCA
GGOV,ARCA
GGRW,ARCA
GGTL,ARCA
GGUS,ARCA
GHTA,BATS
GHYB,ARCA
GHYG,BATS
GIAX,ARCA
GIGB,ARCA
GIGL,ARCA
GII,ARCA
GIND,NASDAQ
GINN,ARCA
GINX,NASDAQ
GJAN,BATS
GJUL,BATS
GJUN,BATS
GK,ARCA
GKAT,NASDAQ
GLBL,BATS
GLCR,NASDAQ
GLD,ARCA
GLDB,NASDAQ
GLDI,NASDAQ
GLDM,ARCA
GLDW,BATS
GLGG,NASDAQ
GLIN,ARCA
GLL,ARCA
GLNK,ARCA
GLOF,ARCA
GLOW,NASDAQ
GLRY,ARCA
GLTR,ARCA
GMAR,BATS
GMAY,BATS
GMEY,ARCA
GMF,ARCA
GMMA,ARCA
GMMF,NYSE
GMNY,ARCA
GMOI,ARCA
GMOM,BATS
GMOV,ARCA
GMUB,ARCA
GNMA,NASDAQ
GNOM,NASDAQ
GNOV,BATS
GNR,ARCA
GOAU,ARCA
GOCT,BATS
GOEX,ARCA
GOLY,BATS
GOOP,BATS
GOOW,BATS
GOOX,BATS
GOOY,ARCA
GOP,BATS
GOU,NASDAQ
GOVI,NASDAQ
GOVT,BATS
GOVZ,BATS
GPIQ,NASDAQ
GPIX,NASDAQ
GPRF,NASDAQ
GPT,NASDAQ
GPTY,ARCA
GPZ,ARCA
GQGU,ARCA
GQI,ARCA
GQRE,ARCA
GREK,ARCA
GRID,NASDAQ
GRIN,NASDAQ
GRN,ARCA
GRNB,ARCA
GRNY,ARCA
GRPM,ARCA
GRPZ,ARCA
GRW,NASDAQ
GSC,ARCA
GSEE,BATS
GSEP,BATS
GSEU,ARCA
GSEW,BATS
GSG,ARCA
GSGO,NASDAQ
GSIB,NASDAQ
GSID,BATS
GSIE,ARCA
GSJY,ARCA
GSKH,ARCA
GSLC,ARCA
GSOL,ARCA
GSPY,ARCA
GSSC,ARCA
GSST,BATS
GSUS,BATS
GSWO,BATS
GSY,ARCA
GTEK,ARCA
GTIP,BATS
GTO,ARCA
GTOP,NASDAQ
GTOQ,NASDAQ
GTOS,BATS
GTPE,NASDAQ
GTR,NASDAQ
GUMI,ARCA
GUNR,ARCA
GURU,ARCA
GUSA,ARCA
GUSE,NASDAQ
GUSH,ARCA
GVAL,BATS
GVI,BATS
GVIP,ARCA
GVLE,NASDAQ
GVLU,ARCA
GVUS,ARCA
GWX,ARCA
GXC,ARCA
GXDW,NASDAQ
GXIG,ARCA
GXLC,ARCA
GXUS,ARCA
GYLD,NYSE
HACK,ARCA
HAIL,ARCA
HAP,ARCA
HAPI,ARCA
HAPS,ARCA
HARD,ARCA
HAUS,BATS
HAUZ,ARCA
HAWX,ARCA
HBDC,NASDAQ
HBR,NASDAQ
HBTA,ARCA
HCMT,ARCA
HCOW,NASDAQ
HCRB,BATS
HDEF,ARCA
HDG,ARCA
HDGE,ARCA
HDLB,ARCA
HDMV,ARCA
HDUS,ARCA
HDV,ARCA
HEAL,NASDAQ
HECA,ARCA
HECO,NASDAQ
HEDJ,ARCA
HEEM,BATS
HEFA,BATS
HEGD,BATS
HELO,ARCA
HELX,BATS
HEQQ,NASDAQ
HEQT,ARCA
HERD,NASDAQ
HERO,NASDAQ
HEWJ,ARCA
HEZU,ARCA
HF,NYSE
HFEQ,NYSE
HFGM,NYSE
HFGO,BATS
HFMF,NYSE
HFND,NYSE
HFSI,BATS
HFSP,NASDAQ
HFXI,ARCA
HGER,NYSE
HGRO,ARCA
HIBL,ARCA
HIBS,ARCA
HIDE,NASDAQ
HIDV,ARCA
HIGH,ARCA
HIPS,ARCA
HISF,NASDAQ
HIYY,ARCA
HLAL,NASDAQ
HMOP,ARCA
HMYY,NASDAQ
HNDL,NASDAQ
HODL,BATS
HODU,NASDAQ
HOLA,ARCA
HOLD,ARCA
HOMZ,ARCA
HOOW,BATS
HOOX,NASDAQ
HOOY,ARCA
HOYY,NASDAQ
HQGO,NASDAQ
HRTS,NASDAQ
HSBH,ARCA
HSCZ,ARCA
HSMV,ARCA
HTAB,ARCA
HTAX,ARCA
HTEC,ARCA
HTRB,ARCA
HTUS,BATS
HUMN,BATS
HUSV,ARCA
HVAC,ARCA
HWAY,NASDAQ
HWSM,NASDAQ
HYBB,ARCA
HYBI,NASDAQ
HYBL,BATS
HYBX,NYSE
HYD,BATS
HYDB,BATS
HYDR,NASDAQ
HYDW,ARCA
HYEM,ARCA
HYFI,ARCA
HYG,ARCA
HYGH,ARCA
HYGV,ARCA
HYGW,BATS
HYHG,BATS
HYLB,ARCA
HYLS,NASDAQ
HYMB,ARCA
HYP,NASDAQ
HYS,ARCA
HYSA,ARCA
HYSD,ARCA
HYTI,ARCA
HYTR,NYSE
HYUP,ARCA
HYXF,NASDAQ
HYZD,NASDAQ
IAGG,BATS
IAI,ARCA
IAK,ARCA
IAPR,ARCA
IAT,ARCA
IAU,ARCA
IAUG,ARCA
IAUI,BATS
IAUM,ARCA
IBAT,NASDAQ
IBB,NASDAQ
IBBQ,NASDAQ
IBCA,ARCA
IBD,ARCA
IBDR,ARCA
IBDS,ARCA
IBDT,ARCA
IBDU,ARCA
IBDV,ARCA
IBDW,ARCA
IBDX,ARCA
IBDY,ARCA
IBDZ,ARCA
IBGA,NASDAQ
IBGB,NASDAQ
IBGK,NASDAQ
IBGL,NASDAQ
IBHF,BATS
IBHG,BATS
IBIC,ARCA
IBID,ARCA
IBIE,ARCA
IBIF,ARCA
IBIG,ARCA
IBIH,ARCA
IBII,ARCA
IBIJ,ARCA
IBIK,ARCA
IBIL,ARCA
IBIT,NASDAQ
IBLC,ARCA
IBMO,BATS
IBMP,BATS
IBMQ,BATS
IBMR,BATS
IBND,ARCA
IBOT,NASDAQ
IBRN,ARCA
IBTG,NASDAQ
IBTH,NASDAQ
IBTI,NASDAQ
IBTJ,NASDAQ
IBTK,NASDAQ
IBTL,NASDAQ
IBTM,NASDAQ
IBTO,NASDAQ
IBTP,NASDAQ
IBTQ,NASDAQ
IBUF,ARCA
IBUY,ARCA
ICAP,ARCA
ICF,BATS
ICLN,NASDAQ
ICLO,BATS
ICOI,ARCA
ICOP,NASDAQ
ICOW,BATS
ICPY,ARCA
ICSH,BATS
ICVT,BATS
IDEC,ARCA
IDEF,NASDAQ
IDEQ,ARCA
IDEV,ARCA
IDGT,ARCA
IDHQ,ARCA
IDLV,ARCA
IDMO,ARCA
IDNA,ARCA
IDOG,ARCA
IDRV,ARCA
IDU,ARCA
IDUB,BATS
IDV,BATS
IDVO,ARCA
IDX,ARCA
IEDI,BATS
IEF,NASDAQ
IEFA,BATS
IEI,NASDAQ
IEMG,ARCA
IEO,BATS
IETC,BATS
IEUR,ARCA
IEUS,NASDAQ
IEV,ARCA
IEZ,ARCA
IFEB,ARCA
IFED,ARCA
IFGL,NASDAQ
IFLN,ARCA
IFLR,ARCA
IFRA,BATS
IFV,NASDAQ
IG,BATS
IGBH,ARCA
IGCB,NYSE
IGE,BATS
IGEB,BATS
IGF,NASDAQ
IGGY,ARCA
IGHG,BATS
IGIB,NASDAQ
IGLB,ARCA
IGLD,BATS
IGM,ARCA
IGME,ARCA
IGOV,NASDAQ
IGPT,ARCA
IGRO,BATS
IGSB,NASDAQ
IGV,BATS
IHAK,ARCA
IHDG,ARCA
IHE,ARCA
IHF,ARCA
IHI,ARCA
IHY,ARCA
IIGD,ARCA
IJAN,ARCA
IJH,ARCA
IJJ,ARCA
IJK,ARCA
IJR,ARCA
IJS,ARCA
IJT,NASDAQ
IJUL,ARCA
IJUN,ARCA
ILCB,ARCA
ILCG,ARCA
ILCV,ARCA
ILDR,ARCA
ILF,ARCA
ILIT,NASDAQ
ILOW,ARCA
ILS,ARCA
ILTB,ARCA
IMAR,ARCA
IMAY,ARCA
IMCB,ARCA
IMCG,ARCA
IMCV,NASDAQ
IMOM,NASDAQ
IMRA,ARCA
IMST,ARCA
IMTB,ARCA
IMTM,ARCA
IMVP,ARCA
INCE,ARCA
INCM,ARCA
INCO,ARCA
IND,NASDAQ
INDA,BATS
INDE,ARCA
INDH,NASDAQ
INDL,ARCA
INDS,ARCA
INDY,NASDAQ
INDZ,ARCA
INEQ,ARCA
INFL,ARCA
INFO,NYSE
INKM,ARCA
INMU,ARCA
INQQ,ARCA
INR,NYSE
INRO,NASDAQ
INTF,ARCA
INTW,NASDAQ
INVG,ARCA
INVN,ARCA
IOCT,ARCA
ION,ARCA
IOO,ARCA
IOPP,ARCA
IOYY,NASDAQ
IPAC,ARCA
IPAV,BATS
IPAY,ARCA
IPKW,NASDAQ
IPO,ARCA
IPOS,ARCA
IPW,NASDAQ
IQDF,ARCA
IQDG,BATS
IQDY,ARCA
IQHI,ARCA
IQLT,ARCA
IQM,BATS
IQQQ,NASDAQ
IQRA,ARCA
IQSI,ARCA
IQSM,ARCA
IQSU,ARCA
IQSZ,ARCA
IROC,BATS
IRTR,ARCA
IRVH,ARCA
ISCB,ARCA
ISCF,ARCA
ISCG,ARCA
ISCV,ARCA
ISEP,ARCA
ISHG,NASDAQ
ISHP,NASDAQ
ISMD,ARCA
ISPY,BATS
ISRA,ARCA
ISTB,NASDAQ
ISUL,NASDAQ
ISVL,BATS
ISWN,ARCA
ITA,BATS
ITAN,ARCA
ITB,BATS
ITDB,ARCA
ITDC,ARCA
ITDD,ARCA
ITDE,ARCA
ITDF,ARCA
ITDG,ARCA
ITDH,ARCA
ITDI,ARCA
ITDJ,ARCA
ITEQ,ARCA
ITM,BATS
ITOT,ARCA
IUS,NASDAQ
IUSB,NASDAQ
IUSG,NASDAQ
IUSV,NASDAQ
IVAL,NASDAQ
IVE,ARCA
IVES,ARCA
IVLU,ARCA
IVOG,ARCA
IVOL,ARCA
IVOO,ARCA
IVOV,ARCA
IVRS,ARCA
IVSS,NASDAQ
IVV,ARCA
IVVB,BATS
IVVM,BATS
IVVW,BATS
IVW,ARCA
IWB,ARCA
IWC,ARCA
IWD,ARCA
IWDL,ARCA
IWF,ARCA
IWFG,ARCA
IWFL,ARCA
IWL,ARCA
IWLG,ARCA
IWM,ARCA
IWMI,BATS
IWML,ARCA
IWMW,BATS
IWMY,ARCA
IWN,ARCA
IWO,ARCA
IWP,ARCA
IWR,ARCA
IWS,ARCA
IWV,ARCA
IWX,ARCA
IWY,ARCA
IXC,ARCA
IXG,ARCA
IXJ,ARCA
IXN,ARCA
IXP,ARCA
IXUS,NASDAQ
IYC,ARCA
IYE,ARCA
IYF,ARCA
IYG,ARCA
IYH,ARCA
IYJ,BATS
IYK,ARCA
IYLD,BATS
IYM,ARCA
IYR,ARCA
IYRI,BATS
IYT,BATS
IYW,ARCA
IYY,ARCA
IYZ,BATS
IZRL,BATS
JAAA,ARCA
JADE,ARCA
JAJL,BATS
JANT,BATS
JANW,BATS
JANZ,BATS
JAVA,ARCA
JBBB,BATS
JBND,NYSE
JCHI,ARCA
JCPB,ARCA
JCPI,ARCA
JDIV,ARCA
JDOC,NASDAQ
JDST,ARCA
JDVI,ARCA
JEDI,ARCA
JEM,NASDAQ
JEMA,NASDAQ
JEMB,ARCA
JEPI,ARCA
JEPQ,NASDAQ
JETD,ARCA
JETS,ARCA
JETU,ARCA
JFLI,ARCA
JFLX,ARCA
JGLO,NASDAQ
JGRO,ARCA
JGRW,ARCA
JHAC,ARCA
JHAI,NASDAQ
JHCB,ARCA
JHDV,ARCA
JHEM,ARCA
JHHY,ARCA
JHID,ARCA
JHLN,ARCA
JHMB,ARCA
JHMD,ARCA
JHML,ARCA
JHMM,ARCA
JHMU,ARCA
JHPI,ARCA
JHSC,ARCA
JIG,ARCA
JIII,ARCA
JIRE,ARCA
JIVE,NASDAQ
JLQD,ARCA
JMBS,ARCA
JMEE,ARCA
JMHI,ARCA
JMID,NASDAQ
JMOM,ARCA
JMSI,ARCA
JMST,ARCA
JMUB,ARCA
JNK,ARCA
JNUG,ARCA
JOET,ARCA
JOJO,ARCA
JOYT,NASDAQ
JPAN,ARCA
JPEF,NASDAQ
JPEM,ARCA
JPHY,ARCA
JPIB,ARCA
JPIE,ARCA
JPIN,ARCA
JPLD,ARCA
JPMB,ARCA
JPME,ARCA
JPO,ARCA
JPRE,ARCA
JPSE,ARCA
JPST,ARCA
JPSV,ARCA
JPUS,ARCA
JPXN,ARCA
JPY,NASDAQ
JQUA,ARCA
JRE,ARCA
JSCP,ARCA
JSI,ARCA
JSMD,NASDAQ
JSML,NASDAQ
JSTC,ARCA
JTEK,NASDAQ
JUCY,BATS
JULH,BATS
JULJ,BATS
JULT,BATS
JULW,BATS
JULZ,BATS
JUNM,BATS
JUNT,BATS
JUNW,BATS
JUNZ,BATS
JUSA,ARCA
JUST,ARCA
JVAL,ARCA
JXI,ARCA
KAPR,BATS
KARS,ARCA
KAT,NASDAQ
KBA,ARCA
KBAB,NASDAQ
KBDU,NASDAQ
KBE,ARCA
KBUF,ARCA
KBWB,NASDAQ
KBWD,NASDAQ
KBWP,NASDAQ
KBWY,NASDAQ
KCAI,ARCA
KCCA,ARCA
KCE,ARCA
KCSH,ARCA
KDEF,ARCA
KDRN,ARCA
KEAT,NASDAQ
KEMQ,ARCA
KEMX,ARCA
KGLD,BATS
KGRN,ARCA
KHYB,ARCA
KIE,ARCA
KJAN,BATS
KJD,NASDAQ
KJUL,BATS
KLIP,ARCA
KLMT,ARCA
KMID,ARCA
KMLI,NASDAQ
KMLM,ARCA
KNCT,ARCA
KNG,BATS
KNGZ,NASDAQ
KNO,ARCA
KNOW,BATS
KNRG,ARCA
KOCT,BATS
KOID,NASDAQ
KOKU,ARCA
KOLD,ARCA
KOMP,ARCA
KONG,BATS
KOOL,ARCA
KORP,ARCA
KORU,ARCA
KPDD,NASDAQ
KPRO,ARCA
KQQQ,NASDAQ
KRBN,ARCA
KRE,ARCA
KROP,NASDAQ
KSA,ARCA
KSLV,BATS
KSPY,ARCA
KSTR,ARCA
KTEC,ARCA
KURE,ARCA
KVLE,ARCA
KWEB,ARCA
KWT,BATS
KXI,ARCA
LABD,ARCA
LABU,ARCA
LALT,ARCA
LBAY,ARCA
LBO,BATS
LCAP,BATS
LCDS,NASDAQ
LCF,BATS
LCLG,ARCA
LCR,ARCA
LCTD,ARCA
LCTU,ARCA
LDEM,NASDAQ
LDRC,ARCA
LDRH,ARCA
LDRI,ARCA
LDRT,ARCA
LDRX,NASDAQ
LDSF,NASDAQ
LDUR,ARCA
LEGR,NASDAQ
LEMB,ARCA
LEXI,NASDAQ
LFEQ,ARCA
LFGY,ARCA
LFSC,NASDAQ
LGCF,NASDAQ
LGDX,ARCA
LGH,ARCA
LGHT,ARCA
LGLV,ARCA
LGOV,ARCA
LGRO,NASDAQ
LINT,NASDAQ
LIT,ARCA
LITL,ARCA
LITP,NASDAQ
LKOR,BATS
LLDR,ARCA
LLYX,ARCA
LMBS,NASDAQ
LMNX,NASDAQ
LMUB,ARCA
LNGX,ARCA
LOCT,BATS
LOGO,NASDAQ
LONZ,ARCA
LOPP,ARCA
LOTI,NASDAQ
LOUP,ARCA
LOWV,ARCA
LPRE,ARCA
LQAI,ARCA
LQD,ARCA
LQDB,ARCA
LQDH,ARCA
LQDI,BATS
LQTI,ARCA
LRGC,ARCA
LRGE,NASDAQ
LRGF,ARCA
LRGG,ARCA
LRND,NASDAQ
LRNZ,BATS
LSAF,ARCA
LSAT,ARCA
LSEQ,ARCA
LSGR,ARCA
LST,ARCA
LSVD,ARCA
LTCC,NASDAQ
LTL,ARCA
LTPZ,ARCA
LTTI,ARCA
LULG,NASDAQ
LUXE,NYSE
LVDS,NASDAQ
LVHD,NASDAQ
LVHI,BATS
MAAY,NASDAQ
MADE,ARCA
MAGA,ARCA
MAGC,BATS
MAGG,ARCA
MAGS,BATS
MAGX,BATS
MAGY,BATS
MAKX,ARCA
MAMB,BATS
MANI,ARCA
MAPP,ARCA
MARM,BATS
MARO,ARCA
MART,BATS
MARW,BATS
MARZ,BATS
MAVF,ARCA
MAXI,NASDAQ
MAYT,BATS
MAYW,BATS
MAYZ,BATS
MBB,NASDAQ
MBBB,BATS
MBND,BATS
MBOX,ARCA
MBS,NASDAQ
MBSD,ARCA
MBSF,ARCA
MBSX,ARCA
MCDS,NASDAQ
MCH,ARCA
MCHI,NASDAQ
MCHS,NASDAQ
MDEV,BATS
MDIV,NASDAQ
MDLV,BATS
MDST,NYSE
MDY,ARCA
MDYG,ARCA
MDYV,ARCA
MEAR,BATS
MEDI,ARCA
MEDX,NASDAQ
MEM,ARCA
MEME,ARCA
MEMS,NASDAQ
MEMX,ARCA
METD,NASDAQ
METL,NASDAQ
METU,NASDAQ
METV,ARCA
METW,BATS
MEXX,ARCA
MFDX,ARCA
MFEM,ARCA
MFIG,NASDAQ
MFLX,NASDAQ
MFMO,NASDAQ
MFUL,BATS
MFUS,ARCA
MFVL,NASDAQ
MGC,ARCA
MGK,ARCA
MGMT,ARCA
MGNR,ARCA
MGOV,ARCA
MGV,ARCA
MHY,ARCA
MID,ARCA
MIDE,ARCA
MIDU,ARCA
MIG,BATS
MILN,NASDAQ
MINO,ARCA
MINT,ARCA
MINV,ARCA
MISL,ARCA
MJ,ARCA
MJSC,ARCA
MKAM,NASDAQ
MKOR,ARCA
MKTN,ARCA
MLDR,ARCA
MLN,BATS
MLPA,ARCA
MLPB,ARCA
MLPD,ARCA
MLPR,ARCA
MLPX,ARCA
MMCA,ARCA
MMIN,ARCA
MMIT,ARCA
MMKT,NYSE
MMSC,ARCA
MMSD,ARCA
MMTM,ARCA
MNA,ARCA
MNBD,ARCA
MNRS,ARCA
MNZL,NASDAQ
MOAT,BATS
MODL,NASDAQ
MOO,ARCA
MOOD,NASDAQ
MORT,ARCA
MOTG,BATS
MOTI,BATS
MOTO,ARCA
MPG,NASDAQ
MPRO,BATS
MQQQ,NASDAQ
MRAL,NASDAQ
MRGR,BATS
MRNY,ARCA
MRSK,ARCA
MSBT,ARCA
MSFD,NASDAQ
MSFL,NASDAQ
MSFO,ARCA
MSFU,NASDAQ
MSFW,BATS
MSFX,BATS
MSFY,BATS
MSMR,BATS
MSOS,ARCA
MSOX,ARCA
MST,NASDAQ
MSTB,BATS
MSTI,ARCA
MSTP,NASDAQ
MSTQ,BATS
MSTU,BATS
MSTW,BATS
MSTX,NASDAQ
MSTY,ARCA
MSTZ,BATS
MTBA,ARCA
MTGP,ARCA
MTUL,ARCA
MTUM,BATS
MTYY,NASDAQ
MUB,ARCA
MULL,NASDAQ
MULT,NASDAQ
MUNA,ARCA
MUNB,ARCA
MUNC,ARCA
MUND,ARCA
MUNI,ARCA
MUSE,NYSE
MUSI,ARCA
MUSQ,ARCA
MUST,ARCA
MUU,NASDAQ
MVLL,NASDAQ
MVPA,ARCA
MVPL,ARCA
MVRL,ARCA
MVV,ARCA
MXI,ARCA
MYCF,NASDAQ
MYCG,NASDAQ
MYCH,NASDAQ
MYCI,NASDAQ
MYCJ,NASDAQ
MYCK,NASDAQ
MYCL,NASDAQ
MYCM,NASDAQ
MYCN,NASDAQ
MYCO,NASDAQ
MYMF,NASDAQ
MYMG,NASDAQ
MYMH,NASDAQ
MYMI,NASDAQ
MYMJ,NASDAQ
MYMK,NASDAQ
MYY,ARCA
MZZ,ARCA
NACP,ARCA
NAIL,ARCA
NANC,BATS
NANR,ARCA
NAPR,BATS
NBCE,ARCA
NBCM,ARCA
NBCR,ARCA
NBDS,ARCA
NBET,ARCA
NBFC,ARCA
NBIG,NASDAQ
NBJP,ARCA
NBOS,ARCA
NBSD,ARCA
NBSM,ARCA
NCIQ,NASDAQ
NCPB,NASDAQ
NDAA,NASDAQ
NDIA,ARCA
NDIV,ARCA
NEAR,BATS
NEMG,NASDAQ
NERD,BATS
NETG,NASDAQ
NETL,ARCA
NEWZ,NASDAQ
NFLP,BATS
NFLT,ARCA
NFLU,BATS
NFLW,BATS
NFLY,ARCA
NFRA,ARCA
NFTY,NASDAQ
NFXL,NASDAQ
NFXS,NASDAQ
NHYB,ARCA
NHYM,ARCA
NIHI,BATS
NIKL,NASDAQ
NITE,ARCA
NIXT,NASDAQ
NJAN,BATS
NJNK,ARCA
NJUL,BATS
NLR,ARCA
NMB,ARCA
NOBL,BATS
NOCT,BATS
NORW,ARCA
NOWL,NASDAQ
NPFI,NASDAQ
NRES,NASDAQ
NRGD,ARCA
NRGU,ARCA
NRSH,ARCA
NSCI,ARCA
NSI,NASDAQ
NTSE,ARCA
NTSI,ARCA
NTSX,ARCA
NUAG,ARCA
NUBD,ARCA
NUCL,NASDAQ
NUDM,BATS
NUDV,BATS
NUEM,BATS
NUG,NASDAQ
NUGO,ARCA
NUGT,ARCA
NUGY,NASDAQ
NUHY,ARCA
NUKZ,ARCA
NULC,BATS
NULG,BATS
NULV,BATS
NUMG,BATS
NUMI,ARCA
NUMV,BATS
NURE,BATS
NUSA,ARCA
NUSB,NASDAQ
NUSC,BATS
NVBT,BATS
NVBW,BATS
NVD,NASDAQ
NVDD,NASDAQ
NVDL,NASDAQ
NVDQ,BATS
NVDS,NASDAQ
NVDU,NASDAQ
NVDW,BATS
NVDX,BATS
NVDY,ARCA
NVII,BATS
NVIR,ARCA
NVOH,ARCA
NVOX,ARCA
NVYY,NASDAQ
NXTE,ARCA
NXTG,NASDAQ
NXTI,BATS
NXUS,ARCA
NYF,ARCA
NZAC,NASDAQ
OACP,ARCA
OAEM,ARCA
OAIM,ARCA
OAKM,ARCA
OALC,ARCA
OARK,ARCA
OASC,ARCA
OBIL,NASDAQ
OBND,BATS
OBOR,ARCA
OCIO,ARCA
OCTH,BATS
OCTJ,BATS
OCTT,BATS
OCTW,BATS
OCTZ,BATS
ODDS,NASDAQ
OEF,ARCA
OEFA,ARCA
OGIG,ARCA
OGSP,ARCA
OIH,ARCA
OILD,ARCA
OILK,BATS
OILT,ARCA
OILU,ARCA
OKTG,NASDAQ
OMAH,ARCA
OMFL,BATS
OMFS,BATS
OND,ARCA
ONEO,ARCA
ONEQ,NASDAQ
ONEV,ARCA
ONEY,ARCA
ONG,BATS
ONLN,ARCA
ONOF,ARCA
OOSP,ARCA
OPER,ARCA
OPPE,ARCA
OPPJ,NASDAQ
OPTZ,NASDAQ
ORCS,NASDAQ
ORCX,NASDAQ
ORR,NASDAQ
OSCG,NASDAQ
OSCV,BATS
OSCX,NASDAQ
OSEA,ARCA
OTGL,NASDAQ
OUNZ,ARCA
OUSA,ARCA
OUSM,ARCA
OVB,BATS
OVF,BATS
OVL,BATS
OVLH,BATS
OVM,BATS
OVS,BATS
OVT,BATS
OWNB,ARCA
OWNS,ARCA
OZEM,NASDAQ
PAAA,ARCA
PAB,ARCA
PABD,NASDAQ
PABU,NASDAQ
PALC,ARCA
PALD,NASDAQ
PALL,ARCA
PALU,NASDAQ
PAMC,ARCA
PANG,NASDAQ
PAPI,ARCA
PAPR,BATS
PATN,NASDAQ
PAUG,BATS
PAVE,BATS
PAWZ,BATS
PBD,ARCA
PBDC,ARCA
PBE,ARCA
PBEU,NASDAQ
PBFR,BATS
PBJ,ARCA
PBOG,NASDAQ
PBP,BATS
PBPH,NASDAQ
PBQQ,NASDAQ
PBTP,BATS
PBUS,BATS
PBW,ARCA
PCCE,ARCA
PCEF,ARCA
PCFI,ARCA
PCGG,ARCA
PCHI,ARCA
PCIG,ARCA
PCLG,ARCA
PCR,ARCA
PCY,ARCA
PDBA,NASDAQ
PDBC,NASDAQ
PDDL,NASDAQ
PDEC,BATS
PDN,ARCA
PDP,NASDAQ
PEJ,ARCA
PEMX,ARCA
PEPS,NASDAQ
PEVC,ARCA
PEX,BATS
PEXL,ARCA
PEY,NASDAQ
PEZ,NASDAQ
PFEB,BATS
PFF,NASDAQ
PFFA,ARCA
PFFD,ARCA
PFFL,ARCA
PFFR,ARCA
PFFV,ARCA
PFI,NASDAQ
PFIG,ARCA
PFIX,ARCA
PFLD,ARCA
PFM,NASDAQ
PFRL,ARCA
PFXF,ARCA
PGF,ARCA
PGHY,ARCA
PGJ,NASDAQ
PGRO,ARCA
PGX,ARCA
PHDG,ARCA
PHEQ,ARCA
PHO,NASDAQ
PHYL,ARCA
PHYS,ARCA
PICB,ARCA
PICK,BATS
PID,NASDAQ
PIE,NASDAQ
PIFI,ARCA
PILL,ARCA
PINK,ARCA
PIO,NASDAQ
PIT,BATS
PIZ,NASDAQ
PJAN,BATS
PJFG,ARCA
PJFM,BATS
PJFV,ARCA
PJIO,ARCA
PJP,ARCA
PJUL,BATS
PJUN,BATS
PKB,ARCA
PKW,NASDAQ
PLTG,NASDAQ
PLTL,BATS
PLTM,ARCA
PLTU,NASDAQ
PLTW,BATS
PLTY,ARCA
PLYY,NASDAQ
PMAR,BATS
PMAY,BATS
PMIO,ARCA
PMMF,NYSE
PNOV,BATS
PNQI,NASDAQ
POCT,BATS
POWA,ARCA
POWR,ARCA
PPA,ARCA
PPH,NASDAQ
PPI,NASDAQ
PPLC,NYSE
PPLT,ARCA
PPTY,ARCA
PQAP,NASDAQ
PQDI,ARCA
PQJA,NASDAQ
PQJL,NASDAQ
PQOC,NASDAQ
PRAE,ARCA
PRAY,ARCA
PREF,ARCA
PRF,ARCA
PRFD,ARCA
PRFZ,NASDAQ
PRIV,ARCA
PRMR,NASDAQ
PRN,NASDAQ
PRNT,BATS
PRXG,ARCA
PRXV,ARCA
PSC,NASDAQ
PSCC,NASDAQ
PSCD,NASDAQ
PSCE,NASDAQ
PSCF,NASDAQ
PSCH,NASDAQ
PSCI,NASDAQ
PSCJ,BATS
PSCM,NASDAQ
PSCQ,BATS
PSCT,NASDAQ
PSCU,NASDAQ
PSCW,BATS
PSCX,BATS
PSEP,BATS
PSET,NASDAQ
PSFD,BATS
PSFF,BATS
PSFJ,BATS
PSFM,BATS
PSFO,BATS
PSH,BATS
PSI,ARCA
PSIL,ARCA
PSK,ARCA
PSL,NASDAQ
PSLV,ARCA
PSMD,BATS
PSMJ,BATS
PSMO,BATS
PSMR,BATS
PSP,ARCA
PSQ,ARCA
PSQA,ARCA
PSQO,ARCA
PSR,ARCA
PST,ARCA
PSTP,ARCA
PSTR,NASDAQ
PSWD,NASDAQ
PTBD,ARCA
PTEU,BATS
PTF,NASDAQ
PTH,NASDAQ
PTIN,ARCA
PTIR,NASDAQ
PTL,ARCA
PTLC,BATS
PTMC,BATS
PTNQ,NASDAQ
PTRB,ARCA
PUI,NASDAQ
PULS,ARCA
PUSH,ARCA
PVAL,ARCA
PVI,ARCA
PWB,ARCA
PWER,ARCA
PWP,NASDAQ
PWRD,NASDAQ
PWS,BATS
PWV,ARCA
PWZ,ARCA
PXE,ARCA
PXF,ARCA
PXH,ARCA
PXI,NASDAQ
PXJ,ARCA
PY,NASDAQ
PYLD,ARCA
PYPY,ARCA
PYZ,NASDAQ
PZA,ARCA
PZT,ARCA
QABA,NASDAQ
QAI,ARCA
QALT,NASDAQ
QARP,ARCA
QAT,NASDAQ
QB,NASDAQ
QBIG,NASDAQ
QBUF,NASDAQ
QBY,NASDAQ
QCLN,NASDAQ
QCLR,NASDAQ
QCMD,NASDAQ
QCML,NASDAQ
QCMU,NASDAQ
QDEC,BATS
QDEF,ARCA
QDF,ARCA
QDIV,ARCA
QDPL,ARCA
QDTE,BATS
QDTY,NASDAQ
QDVO,ARCA
QEFA,ARCA
QEMM,ARCA
QETH,BATS
QFLR,ARCA
QGRD,NASDAQ
QGRO,ARCA
QGRW,ARCA
QHY,BATS
QID,ARCA
QIDX,ARCA
QIG,BATS
QINT,ARCA
QIS,ARCA
QJUN,BATS
QLC,BATS
QLD,ARCA
QLDY,NASDAQ
QLTA,ARCA
QLTI,ARCA
QLTY,ARCA
QLV,ARCA
QLVD,ARCA
QLVE,ARCA
QMAR,BATS
QMID,NASDAQ
QMOM,NASDAQ
QNXT,NASDAQ
QOWZ,NASDAQ
QPX,ARCA
QQA,NASDAQ
QQDN,NASDAQ
QQEW,NASDAQ
QQH,ARCA
QQMG,NASDAQ
QQQ,NASDAQ
QQQA,NASDAQ
QQQD,ARCA
QQQE,NASDAQ
QQQG,NASDAQ
QQQH,NASDAQ
QQQI,NASDAQ
QQQJ,NASDAQ
QQQM,NASDAQ
QQQS,NASDAQ
QQQT,NASDAQ
QQQU,ARCA
QQQY,NASDAQ
QQUP,NASDAQ
QQXL,NASDAQ
QQXT,NASDAQ
QRMI,NASDAQ
QSIG,BATS
QSML,NASDAQ
QSPT,BATS
QTAP,BATS
QTEC,NASDAQ
QTJA,BATS
QTJL,BATS
QTOC,BATS
QTOP,NASDAQ
QTR,NASDAQ
QTUM,NASDAQ
QUAL,BATS
QUIZ,ARCA
QULL,ARCA
QUS,ARCA
QUSA,ARCA
QVAL,NASDAQ
QVML,ARCA
QVMM,ARCA
QVMS,ARCA
QVMT,ARCA
QVOY,BATS
QWLD,ARCA
QXQ,NASDAQ
QYLD,NASDAQ
QYLG,NASDAQ
RAA,NASDAQ
RAAA,ARCA
RAAX,ARCA
RAFE,ARCA
RAUS,NASDAQ
RAVI,ARCA
RAYJ,ARCA
RBIL,NASDAQ
RBLD,ARCA
RBLY,ARCA
RCGE,NASDAQ
RDFI,BATS
RDIV,ARCA
RDOG,ARCA
RDTE,BATS
RDTY,NASDAQ
RDVI,BATS
RDVY,NASDAQ
RDYY,ARCA
REAI,NASDAQ
RECS,ARCA
REET,ARCA
REFA,ARCA
REGL,BATS
REIT,NASDAQ
REK,ARCA
REM,BATS
REMG,NASDAQ
REMX,ARCA
RETL,ARCA
REVS,ARCA
REW,ARCA
REZ,ARCA
RFCI,ARCA
RFDA,ARCA
RFDI,NASDAQ
RFEM,NASDAQ
RFFC,ARCA
RFG,ARCA
RFIX,ARCA
RFLR,ARCA
RFV,ARCA
RGEF,ARCA
RGYY,NASDAQ
RHRX,ARCA
RHTX,ARCA
RIET,ARCA
RIGS,ARCA
RILA,ARCA
RINF,ARCA
RING,NASDAQ
RIOX,ARCA
RISN,ARCA
RISR,ARCA
RITA,ARCA
RLY,ARCA
RMCA,ARCA
RMIF,BATS
RMNY,ARCA
RMOP,ARCA
RND,ARCA
RNEM,NASDAQ
RNRG,NASDAQ
RNTY,ARCA
ROAM,ARCA
ROBO,ARCA
ROBT,NASDAQ
RODM,ARCA
ROE,NASDAQ
ROKT,ARCA
ROM,ARCA
ROMO,BATS
ROSC,ARCA
ROUS,ARCA
RPAR,ARCA
RPG,ARCA
RPV,ARCA
RSBT,BATS
RSBY,BATS
RSJN,ARCA
RSMC,ARCA
RSMR,ARCA
RSMV,ARCA
RSP,ARCA
RSPA,ARCA
RSPC,ARCA
RSPD,ARCA
RSPE,ARCA
RSPF,ARCA
RSPG,ARCA
RSPH,ARCA
RSPM,ARCA
RSPN,ARCA
RSPR,ARCA
RSPS,ARCA
RSPT,ARCA
RSPU,ARCA
RSSB,BATS
RSSE,ARCA
RSSL,ARCA
RSST,BATS
RTAI,BATS
RTH,NASDAQ
RTXG,NASDAQ
RTYY,NASDAQ
RULE,BATS
RUNN,NASDAQ
RVER,ARCA
RVNL,NASDAQ
RVNU,ARCA
RW,ARCA
RWEM,ARCA
RWJ,ARCA
RWK,ARCA
RWL,ARCA
RWLC,ARCA
RWM,ARCA
RWO,ARCA
RWR,ARCA
RWX,ARCA
RXD,ARCA
RXI,ARCA
RXL,ARCA
RYLD,ARCA
RYLG,ARCA
RZG,ARCA
RZV,ARCA
SAA,ARCA
SAGP,ARCA
SAMM,ARCA
SAMT,ARCA
SAPH,ARCA
SARK,NASDAQ
SATO,BATS
SAWG,ARCA
SAWS,ARCA
SBAR,ARCA
SBB,ARCA
SBIL,ARCA
SBIO,ARCA
SBIT,ARCA
SBND,ARCA
SBU,NASDAQ
SCAP,ARCA
SCC,ARCA
SCCR,ARCA
SCDL,ARCA
SCDS,NASDAQ
SCEC,BATS
SCHA,ARCA
SCHB,ARCA
SCHC,ARCA
SCHD,ARCA
SCHE,ARCA
SCHF,ARCA
SCHG,ARCA
SCHH,ARCA
SCHI,ARCA
SCHJ,ARCA
SCHK,ARCA
SCHM,ARCA
SCHO,ARCA
SCHP,ARCA
SCHQ,ARCA
SCHR,ARCA
SCHV,ARCA
SCHX,ARCA
SCHY,ARCA
SCHZ,ARCA
SCIO,ARCA
SCJ,ARCA
SCMB,ARCA
SCO,ARCA
SCUS,ARCA
SCYB,ARCA
SCZ,NASDAQ
SDCI,ARCA
SDCP,ARCA
SDD,ARCA
SDEM,ARCA
SDFI,ARCA
SDG,NASDAQ
SDIV,ARCA
SDOG,ARCA
SDOW,ARCA
SDP,ARCA
SDS,ARCA
SDSI,NASDAQ
SDTY,NASDAQ
SDVY,NASDAQ
SDY,ARCA
SEA,ARCA
SECR,ARCA
SECT,BATS
SEF,ARCA
SEIM,BATS
SEIQ,BATS
SEIV,BATS
SEIX,ARCA
SELV,BATS
SEMG,ARCA
SEMI,ARCA
SEMY,NASDAQ
SEPI,ARCA
SEPT,BATS
SEPW,BATS
SEPZ,BATS
SETH,ARCA
SETM,NASDAQ
SFGV,ARCA
SFLO,NASDAQ
SFLR,ARCA
SFY,ARCA
SFYF,ARCA
SGDJ,ARCA
SGDM,ARCA
SGLC,ARCA
SGOL,ARCA
SGOV,NYSE
SGRT,ARCA
SH,ARCA
SHAG,BATS
SHDG,BATS
SHE,ARCA
SHEH,ARCA
SHLD,ARCA
SHM,ARCA
SHNY,ARCA
SHOC,NYSE
SHPP,ARCA
SHRT,ARCA
SHRY,NASDAQ
SHUS,ARCA
SHV,NYSE
SHY,NASDAQ
SHYD,BATS
SHYG,ARCA
SHYL,ARCA
SHYM,BATS
SIFI,ARCA
SIHY,ARCA
SIJ,ARCA
SIL,ARCA
SILJ,ARCA
SIMS,ARCA
SIO,ARCA
SIVR,ARCA
SIXA,ARCA
SIXD,BATS
SIXF,BATS
SIXH,ARCA
SIXJ,BATS
SIXL,ARCA
SIXO,BATS
SIXP,BATS
SIXS,ARCA
SIXZ,BATS
SIZE,ARCA
SJB,ARCA
SJCP,NASDAQ
SJLD,NASDAQ
SJNK,ARCA
SKF,ARCA
SKK,NASDAQ
SKOR,NASDAQ
SKRE,NASDAQ
SKYU,NASDAQ
SKYY,NASDAQ
SLDR,ARCA
SLJY,ARCA
SLNZ,NYSE
SLON,ARCA
SLQD,NASDAQ
SLTY,ARCA
SLV,ARCA
SLVO,NASDAQ
SLVP,BATS
SLVR,NASDAQ
SLX,ARCA
SLYG,ARCA
SLYV,ARCA
SMAY,BATS
SMB,BATS
SMCF,NASDAQ
SMCO,NASDAQ
SMCP,ARCA
SMCX,NASDAQ
SMCY,ARCA
SMDD,ARCA
SMDV,BATS
SMDX,ARCA
SMH,NASDAQ
SMHB,ARCA
SMHX,NASDAQ
SMIG,ARCA
SMIN,BATS
SMIZ,ARCA
SMLF,ARCA
SMLL,ARCA
SMLV,ARCA
SMMD,BATS
SMMU,ARCA
SMMV,BATS
SMN,ARCA
SMOG,ARCA
SMOM,NASDAQ
SMOT,BATS
SMRI,NASDAQ
SMST,NASDAQ
SMTH,ARCA
SMYY,NASDAQ
SNAV,BATS
SNOV,BATS
SNOY,ARCA
SNPD,BATS
SNPE,ARCA
SNPG,BATS
SNSR,NASDAQ
SNTH,ARCA
SOCL,NASDAQ
SOFR,ARCA
SOFX,NASDAQ
SOLC,NASDAQ
SOUX,NASDAQ
SOVF,ARCA
SOXL,ARCA
SOXQ,NASDAQ
SOXS,ARCA
SOXX,NASDAQ
SOXY,ARCA
SOYB,ARCA
SPAB,ARCA
SPAM,NASDAQ
SPAQ,NASDAQ
SPAX,ARCA
SPBC,NASDAQ
SPBO,ARCA
SPBU,BATS
SPBW,BATS
SPBX,BATS
SPCT,NASDAQ
SPCX,NASDAQ
SPD,ARCA
SPDG,ARCA
SPDN,ARCA
SPDV,ARCA
SPDW,ARCA
SPEM,ARCA
SPEU,ARCA
SPFF,ARCA
SPGM,ARCA
SPGP,ARCA
SPHB,ARCA
SPHD,ARCA
SPHQ,ARCA
SPHY,ARCA
SPIB,ARCA
SPIN,BATS
SPIP,ARCA
SPIT,NASDAQ
SPLB,ARCA
SPLV,ARCA
SPMB,ARCA
SPMD,ARCA
SPMO,ARCA
SPOG,NASDAQ
SPPP,ARCA
SPRE,ARCA
SPRX,NASDAQ
SPSB,ARCA
SPSK,ARCA
SPSM,ARCA
SPTB,ARCA
SPTE,ARCA
SPTI,ARCA
SPTL,ARCA
SPTM,ARCA
SPTS,ARCA
SPUC,ARCA
SPUS,ARCA
SPUT,ARCA
SPUU,ARCA
SPVM,ARCA
SPWO,ARCA
SPXE,ARCA
SPXL,ARCA
SPXN,ARCA
SPXS,ARCA
SPXT,ARCA
SPXU,ARCA
SPXV,ARCA
SPY,ARCA
SPYC,ARCA
SPYD,ARCA
SPYG,ARCA
SPYH,BATS
SPYI,BATS
SPYM,ARCA
SPYT,ARCA
SPYU,ARCA
SPYV,ARCA
SPYX,ARCA
SQLV,NASDAQ
SQMX,BATS
SQQQ,NASDAQ
SRET,NASDAQ
SRHQ,ARCA
SRHR,ARCA
SRLN,ARCA
SROI,ARCA
SRS,ARCA
SRTY,ARCA
SRVR,ARCA
SSFI,ARCA
SSG,ARCA
SSO,ARCA
SSPY,ARCA
SST,NYSE
SSUS,ARCA
SSXU,ARCA
STAX,ARCA
STCE,ARCA
STHH,ARCA
STIP,ARCA
STN,NYSE
STNC,NASDAQ
STOT,BATS
STPZ,ARCA
STRN,ARCA
STXD,NYSE
STXE,NYSE
STXG,NYSE
STXK,NYSE
STXT,NYSE
STXV,NYSE
SUB,ARCA
SUPL,ARCA
SUPP,NASDAQ
SURE,ARCA
SURI,ARCA
SUSA,ARCA
SUSB,NASDAQ
SUSC,NASDAQ
SUSL,NASDAQ
SVAL,BATS
SVIX,BATS
SVOL,ARCA
SVXY,BATS
SWAN,ARCA
SXQG,ARCA
SYFI,ARCA
SYLD,BATS
SYSB,BATS
SYZ,NASDAQ
SZK,ARCA
TACK,ARCA
TAFI,ARCA
TAFL,ARCA
TAFM,ARCA
TAGG,ARCA
TAGS,ARCA
TAIL,BATS
TAN,ARCA
TAPR,BATS
TARK,NASDAQ
TAXE,NASDAQ
TAXF,ARCA
TAXI,NASDAQ
TAXM,ARCA
TAXS,NASDAQ
TAXT,NASDAQ
TAXX,ARCA
TBF,ARCA
TBFC,ARCA
TBFG,ARCA
TBG,ARCA
TBIL,NASDAQ
TBJL,BATS
TBLL,ARCA
TBLU,NYSE
TBT,ARCA
TBUX,ARCA
TBX,ARCA
TCAF,ARCA
TCAI,NYSE
TCAL,ARCA
TCHI,NASDAQ
TCHP,ARCA
TCPB,ARCA
TCV,ARCA
TDI,NASDAQ
TDIV,NASDAQ
TDOT,NASDAQ
TDSB,NASDAQ
TDSC,NASDAQ
TDTF,ARCA
TDTT,ARCA
TDV,BATS
TDVG,ARCA
TEC,ARCA
TECB,ARCA
TECL,ARCA
TECS,ARCA
TEK,ARCA
TEKX,NASDAQ
TEKY,NASDAQ
TEQI,ARCA
TERG,NASDAQ
TESL,ARCA
TETH,BATS
TEXN,NASDAQ
TFI,ARCA
TFJL,BATS
TFLO,ARCA
TFLR,ARCA
TFNS,NASDAQ
TFPN,ARCA
TGLB,ARCA
TGLR,ARCA
TGRT,ARCA
TGRW,ARCA
THD,ARCA
THEQ,ARCA
THIR,NYSE
THLV,NYSE
THMZ,NASDAQ
THNQ,ARCA
THNR,ARCA
THRO,ARCA
THRV,NASDAQ
THTA,ARCA
THY,ARCA
THYF,ARCA
THYM,NASDAQ
TIER,ARCA
TILL,ARCA
TILT,BATS
TIME,ARCA
TINT,ARCA
TINY,ARCA
TIP,ARCA
TIPA,ARCA
TIPB,ARCA
TIPC,ARCA
TIPD,ARCA
TIPX,ARCA
TIPZ,ARCA
TJUL,BATS
TLCI,ARCA
TLH,ARCA
TLT,NASDAQ
TLTD,ARCA
TLTE,ARCA
TLTI,BATS
TLTW,BATS
TMAT,BATS
TMB,NASDAQ
TMDV,BATS
TMF,ARCA
TMFC,BATS
TMFE,BATS
TMFG,BATS
TMFM,BATS
TMFS,BATS
TMFX,BATS
TMNL,NASDAQ
TMNS,NASDAQ
TMSF,NASDAQ
TMSL,ARCA
TMV,ARCA
TNA,ARCA
TOAK,ARCA
TOGA,ARCA
TOK,ARCA
TOLL,BATS
TOLZ,ARCA
TOPC,ARCA
TOPT,ARCA
TOT,ARCA
TOTL,ARCA
TOTR,ARCA
TOUS,ARCA
TOV,ARCA
TPAY,BATS
TPHD,ARCA
TPIF,ARCA
TPLC,ARCA
TPLS,NASDAQ
TPOR,ARCA
TPSC,ARCA
TPYP,NYSE
TPZ,NYSE
TQQQ,NASDAQ
TQQY,NASDAQ
TRBF,NASDAQ
TRFK,ARCA
TRFM,ARCA
TRND,ARCA
TRPA,BATS
TRTY,BATS
TRUD,NASDAQ
TRUT,NASDAQ
TSDD,NASDAQ
TSEC,ARCA
TSEL,NASDAQ
TSII,BATS
TSL,NASDAQ
TSLI,ARCA
TSLL,NASDAQ
TSLP,BATS
TSLQ,NASDAQ
TSLR,NASDAQ
TSLS,NASDAQ
TSLT,BATS
TSLW,BATS
TSLY,ARCA
TSLZ,BATS
TSME,ARCA
TSMG,NASDAQ
TSMU,NASDAQ
TSMX,NASDAQ
TSMY,ARCA
TSMZ,NASDAQ
TSPA,ARCA
TSPY,NASDAQ
TSYY,NASDAQ
TTEQ,NASDAQ
TTT,ARCA
TUA,ARCA
TUG,NASDAQ
TUGN,NASDAQ
TUR,NASDAQ
TURF,NASDAQ
TUSB,ARCA
TUSI,BATS
TVAL,ARCA
TWM,ARCA
TXS,ARCA
TXUE,NASDAQ
TXUG,NASDAQ
TXXD,NASDAQ
TXXI,ARCA
TXXS,NASDAQ
TYA,BATS
TYD,ARCA
TYLG,ARCA
TYO,ARCA
TZA,ARCA
UAE,NASDAQ
UAPR,BATS
UAUG,BATS
UBND,NASDAQ
UBOT,ARCA
UBR,ARCA
UBRL,NASDAQ
UBT,ARCA
UCC,ARCA
UCIB,ARCA
UCO,ARCA
UCON,ARCA
UCRD,NASDAQ
UCYB,NASDAQ
UDEC,BATS
UDI,ARCA
UDIV,ARCA
UDN,ARCA
UDOW,ARCA
UEVM,NASDAQ
UFEB,BATS
UFIV,NASDAQ
UFO,NASDAQ
UGA,ARCA
UGE,ARCA
UGL,ARCA
UITB,NASDAQ
UIVM,NASDAQ
UJAN,BATS
UJB,ARCA
UJUL,BATS
UJUN,BATS
UK,NASDAQ
ULE,ARCA
ULST,ARCA
ULTI,NASDAQ
ULTY,ARCA
ULVM,NASDAQ
UMAR,BATS
UMAY,BATS
UMDD,ARCA
UMI,ARCA
UMMA,NASDAQ
UNG,ARCA
UNIY,NASDAQ
UNL,ARCA
UNOV,BATS
UOCT,BATS
UPAR,ARCA
UPGD,ARCA
UPGR,NASDAQ
UPRO,ARCA
UPV,ARCA
UPW,ARCA
URA,ARCA
URAA,ARCA
URE,ARCA
URNJ,NASDAQ
URNM,ARCA
URTH,ARCA
URTY,ARCA
USAI,ARCA
USCA,ARCA
USCI,ARCA
USCL,NASDAQ
USD,ARCA
USDU,ARCA
USDX,NASDAQ
USE,ARCA
USEP,BATS
USFI,NASDAQ
USFR,ARCA
USG,ARCA
USHY,BATS
USIG,NASDAQ
USIN,NASDAQ
USL,ARCA
USMC,NASDAQ
USMF,BATS
USML,ARCA
USMV,BATS
USNG,ARCA
USNZ,ARCA
USO,ARCA
USOI,NASDAQ
USOY,NASDAQ
USPX,ARCA
USRD,NASDAQ
USRT,ARCA
USSE,ARCA
USSG,ARCA
USSH,NASDAQ
UST,ARCA
USTB,NASDAQ
USVM,NASDAQ
USVN,NASDAQ
USXF,NASDAQ
UTEN,NASDAQ
UTES,ARCA
UTHY,NASDAQ
UTRE,NASDAQ
UTSL,ARCA
UTWO,NASDAQ
UTWY,NASDAQ
UUP,ARCA
UVIX,BATS
UVXY,BATS
UWM,ARCA
UX,BATS
UXI,ARCA
UXRP,ARCA
UYG,ARCA
UYLD,NASDAQ
UYM,ARCA
VABS,ARCA
VALQ,ARCA
VAMO,BATS
VAW,ARCA
VB,ARCA
VBIL,NASDAQ
VBK,ARCA
VBND,ARCA
VBR,ARCA
VCEB,BATS
VCIT,NASDAQ
VCLN,ARCA
VCLT,NASDAQ
VCR,ARCA
VCRB,NASDAQ
VCSH,NASDAQ
VDC,ARCA
VDE,ARCA
VEA,ARCA
VEGA,ARCA
VEGI,ARCA
VEGN,BATS
VEMY,ARCA
VERS,ARCA
VETZ,ARCA
VEU,ARCA
VFH,ARCA
VFLO,NASDAQ
VFMF,BATS
VFMO,BATS
VFMV,BATS
VFQY,BATS
VFVA,BATS
VGIT,NASDAQ
VGK,ARCA
VGLT,NASDAQ
VGSH,NASDAQ
VGSR,NASDAQ
VGT,ARCA
VGUS,NASDAQ
VGVT,ARCA
VHT,ARCA
VICE,ARCA
VIDI,ARCA
VIG,ARCA
VIGI,NASDAQ
VIOG,ARCA
VIOO,ARCA
VIOV,ARCA
VIS,ARCA
VIXM,BATS
VIXY,BATS
VLLU,ARCA
VLU,ARCA
VLUE,BATS
VMAX,BATS
VMBS,NASDAQ
VNAM,ARCA
VNIE,ARCA
VNLA,ARCA
VNM,BATS
VNQ,ARCA
VNQI,NASDAQ
VNSE,ARCA
VO,ARCA
VOE,ARCA
VOLT,NASDAQ
VONE,NASDAQ
VONG,NASDAQ
VONV,NASDAQ
VOO,ARCA
VOOG,ARCA
VOOV,ARCA
VOT,ARCA
VOTE,NASDAQ
VOX,ARCA
VPC,ARCA
VPL,ARCA
VPLS,NASDAQ
VPU,ARCA
VRAI,ARCA
VRIG,NASDAQ
VRP,ARCA
VRTL,NASDAQ
VSDA,NASDAQ
VSGX,BATS
VSHY,ARCA
VSLU,ARCA
VSMV,NASDAQ
VSOL,NASDAQ
VSS,ARCA
VT,ARCA
VTC,NASDAQ
VTEB,ARCA
VTES,ARCA
VTG,ARCA
VTHR,NASDAQ
VTI,ARCA
VTIP,NASDAQ
VTV,ARCA
VTWG,NASDAQ
VTWO,NASDAQ
VTWV,NASDAQ
VUG,ARCA
VUSB,BATS
VUSE,ARCA
VV,ARCA
VWO,ARCA
VWOB,NASDAQ
VXF,ARCA
VXUS,NASDAQ
VXX,BATS
VXZ,BATS
VYLD,ARCA
VYM,ARCA
VYMI,NASDAQ
WABF,NASDAQ
WANT,ARCA
WAR,ARCA
WBIF,ARCA
WBIG,ARCA
WBIL,ARCA
WBIY,NYSE
WCAP,ARCA
WCBR,NASDAQ
WCEO,ARCA
WCLD,NASDAQ
WCME,ARCA
WCMI,ARCA
WCPB,ARCA
WDAF,NASDAQ
WDGF,NASDAQ
WDIV,ARCA
WDTE,ARCA
WEAT,ARCA
WEBL,ARCA
WEBS,ARCA
WEED,BATS
WEEI,NASDAQ
WEEK,BATS
WEEL,ARCA
WGMI,NASDAQ
WINN,NYSE
WIP,ARCA
WISE,NASDAQ
WLDR,BATS
WLTG,NYSE
WNTR,ARCA
WOMN,ARCA
WOOD,NASDAQ
WRND,NASDAQ
WSGE,NASDAQ
WSML,NASDAQ
WTAI,BATS
WTBN,NASDAQ
WTID,ARCA
WTIP,NASDAQ
WTIU,ARCA
WTMF,ARCA
WTMU,NASDAQ
WTMY,NASDAQ
WTPI,ARCA
WTRE,ARCA
WTV,ARCA
WUGI,BATS
WWJD,ARCA
WXET,ARCA
XAIX,NASDAQ
XAR,ARCA
XB,ARCA
XBAP,BATS
XBB,ARCA
XBI,ARCA
XBIL,NASDAQ
XBJA,BATS
XBJL,BATS
XBOC,BATS
XBTY,NASDAQ
XC,ARCA
XCCC,ARCA
XCEM,ARCA
XCLR,ARCA
XCNY,NASDAQ
XCOR,ARCA
XDAT,BATS
XDEC,BATS
XDIV,BATS
XDQQ,BATS
XDSQ,BATS
XDTE,BATS
XEMD,BATS
XES,ARCA
XFIV,ARCA
XFLX,ARCA
XHB,ARCA
XHE,ARCA
XHLF,ARCA
XHS,ARCA
XIDE,BATS
XIDV,ARCA
XISE,BATS
XITK,ARCA
XJH,BATS
XJR,BATS
XJUN,BATS
XLB,ARCA
XLC,ARCA
XLE,ARCA
XLF,ARCA
XLG,ARCA
XLI,ARCA
XLK,ARCA
XLP,ARCA
XLRE,ARCA
XLSR,ARCA
XLU,ARCA
XLV,ARCA
XLY,ARCA
XMAG,NASDAQ
XMAR,BATS
XME,ARCA
XMHQ,ARCA
XMLV,ARCA
XMMO,ARCA
XMPT,BATS
XMVM,ARCA
XNAV,ARCA
XNOV,BATS
XNTK,ARCA
XOCT,BATS
XOEF,ARCA
XOMO,ARCA
XOMX,NASDAQ
XONE,ARCA
XOP,ARCA
XOVR,NASDAQ
XPAY,ARCA
XPH,ARCA
XPND,ARCA
XPP,ARCA
XRLX,ARCA
XRMI,ARCA
XRPC,NASDAQ
XRPI,NASDAQ
XRT,ARCA
XSD,ARCA
XSEP,BATS
XSHD,BATS
XSHQ,BATS
XSLV,ARCA
XSMO,ARCA
XSOE,ARCA
XSVM,ARCA
XSVN,ARCA
XSW,ARCA
XT,NASDAQ
XTAP,BATS
XTEN,ARCA
XTJA,BATS
XTJL,BATS
XTL,ARCA
XTN,ARCA
XTOC,BATS
XTR,ARCA
XTRE,ARCA
XTWO,ARCA
XTWY,ARCA
XUDV,ARCA
XUSP,BATS
XV,ARCA
XVV,BATS
XXV,ARCA
XYLD,ARCA
XYLG,ARCA
XYZG,NASDAQ
XYZY,ARCA
YALL,ARCA
YANG,ARCA
YBIT,ARCA
YBMN,NASDAQ
YBTC,BATS
YCL,ARCA
YCS,ARCA
YDEC,BATS
YEAR,ARCA
YETH,BATS
YFFI,ARCA
YFYA,ARCA
YGLD,ARCA
YINN,ARCA
YJUN,BATS
YLD,ARCA
YLDE,NASDAQ
YMAG,ARCA
YMAR,BATS
YMAX,ARCA
YNOT,NASDAQ
YOKE,NASDAQ
YOLO,ARCA
YQQQ,NASDAQ
YSEP,BATS
YSPY,NASDAQ
YXI,ARCA
YYY,ARCA
ZALT,BATS
ZAP,NASDAQ
ZECP,BATS
ZHDG,ARCA
ZHOG,NASDAQ
ZIG,ARCA
ZMUN,NASDAQ
ZROZ,ARCA
ZSB,ARCA
ZSC,ARCA
ZSL,ARCA
ZTAX,ARCA
ZTEN,NASDAQ
ZTOP,NASDAQ
ZTRE,NASDAQ
ZTWO,NASDAQ
ZVOL,BATS
